 Image qdrat-web Building 
#1 [internal] load local bake definitions
#1 reading from stdin 728B done
#1 DONE 0.0s

#2 [internal] load build definition from Dockerfile
#2 transferring dockerfile: 6.70kB 0.0s done
#2 DONE 0.0s

#3 [internal] load metadata for docker.io/library/python:3.12-slim@sha256:2f17fc044b579bab302c2e8054d3a686e2cb9a83de48e70534b94cd8ebbe06a9
#3 DONE 0.1s

#4 [internal] load .dockerignore
#4 transferring context: 1.11kB 0.0s done
#4 DONE 0.0s

#5 [builder 1/7] FROM docker.io/library/python:3.12-slim@sha256:2f17fc044b579bab302c2e8054d3a686e2cb9a83de48e70534b94cd8ebbe06a9
#5 resolve docker.io/library/python:3.12-slim@sha256:2f17fc044b579bab302c2e8054d3a686e2cb9a83de48e70534b94cd8ebbe06a9 0.0s done
#5 CACHED

#6 [internal] load build context
#6 transferring context: 949.95kB 0.9s done
#6 DONE 0.9s

#7 [production  2/11] RUN apt-get update     && apt-get install -y --no-install-recommends         libpq5         libjpeg62-turbo         zlib1g         libcairo2         libpango-1.0-0         libgdk-pixbuf-xlib-2.0-0         libxml2         libxslt1.1         libffi8         curl         netcat-openbsd         gettext     && rm -rf /var/lib/apt/lists/*     && apt-get clean
#7 0.945 Hit:1 http://deb.debian.org/debian trixie InRelease
#7 1.004 Get:2 http://deb.debian.org/debian trixie-updates InRelease [47.3 kB]
#7 1.156 Get:3 http://deb.debian.org/debian-security trixie-security InRelease [43.4 kB]
#7 1.264 Get:4 http://deb.debian.org/debian trixie/main amd64 Packages [9678 kB]
#7 2.390 Get:5 http://deb.debian.org/debian trixie-updates/main amd64 Packages [4412 B]
#7 2.466 Get:6 http://deb.debian.org/debian-security trixie-security/main amd64 Packages [262 kB]
#7 3.637 Fetched 10.0 MB in 3s (3324 kB/s)
#7 3.637 Reading package lists...
#7 4.701 Reading package lists...
#7 5.717 Building dependency tree...
#7 5.977 Reading state information...
#7 6.517 zlib1g is already the newest version (1:1.3.dfsg+really1.3.1-1+b1).
#7 6.517 libffi8 is already the newest version (3.4.8-2).
#7 6.517 The following additional packages will be installed:
#7 6.517   fontconfig fontconfig-config fonts-dejavu-core fonts-dejavu-mono
#7 6.517   gettext-base libatomic1 libbrotli1 libcom-err2 libcurl4t64 libdatrie1
#7 6.517   libdeflate0 libexpat1 libfontconfig1 libfreetype6 libfribidi0 libgcrypt20
#7 6.518   libgdk-pixbuf-2.0-0 libgdk-pixbuf2.0-common libglib2.0-0t64 libgnutls30t64
#7 6.518   libgomp1 libgpg-error0 libgraphite2-3 libgssapi-krb5-2 libharfbuzz0b
#7 6.518   libidn2-0 libjbig0 libk5crypto3 libkeyutils1 libkrb5-3 libkrb5support0
#7 6.518   libldap2 liblerc4 libnghttp2-14 libnghttp3-9 libp11-kit0 libpixman-1-0
#7 6.523   libpng16-16t64 libpsl5t64 librtmp1 libsasl2-2 libsasl2-modules-db
#7 6.523   libsharpyuv0 libssh2-1t64 libtasn1-6 libthai-data libthai0 libtiff6
#7 6.523   libunistring5 libwebp7 libx11-6 libx11-data libxau6 libxcb-render0
#7 6.524   libxcb-shm0 libxcb1 libxdmcp6 libxext6 libxrender1 shared-mime-info
#7 6.528 Suggested packages:
#7 6.528   autopoint gettext-doc libasprintf-dev libgettextpo-dev gnulib-l10n rng-tools
#7 6.528   low-memory-monitor gnutls-bin krb5-doc krb5-user
#7 6.528 Recommended packages:
#7 6.528   bash-completion libgdk-pixbuf2.0-bin libglib2.0-data xdg-user-dirs
#7 6.528   libgpg-error-l10n krb5-locales libldap-common publicsuffix libsasl2-modules
#7 7.031 The following NEW packages will be installed:
#7 7.031   curl fontconfig fontconfig-config fonts-dejavu-core fonts-dejavu-mono
#7 7.031   gettext gettext-base libatomic1 libbrotli1 libcairo2 libcom-err2 libcurl4t64
#7 7.031   libdatrie1 libdeflate0 libexpat1 libfontconfig1 libfreetype6 libfribidi0
#7 7.031   libgcrypt20 libgdk-pixbuf-2.0-0 libgdk-pixbuf-xlib-2.0-0
#7 7.032   libgdk-pixbuf2.0-common libglib2.0-0t64 libgnutls30t64 libgomp1
#7 7.032   libgpg-error0 libgraphite2-3 libgssapi-krb5-2 libharfbuzz0b libidn2-0
#7 7.032   libjbig0 libjpeg62-turbo libk5crypto3 libkeyutils1 libkrb5-3 libkrb5support0
#7 7.032   libldap2 liblerc4 libnghttp2-14 libnghttp3-9 libp11-kit0 libpango-1.0-0
#7 7.032   libpixman-1-0 libpng16-16t64 libpq5 libpsl5t64 librtmp1 libsasl2-2
#7 7.032   libsasl2-modules-db libsharpyuv0 libssh2-1t64 libtasn1-6 libthai-data
#7 7.032   libthai0 libtiff6 libunistring5 libwebp7 libx11-6 libx11-data libxau6
#7 7.032   libxcb-render0 libxcb-shm0 libxcb1 libxdmcp6 libxext6 libxml2 libxrender1
#7 7.033   libxslt1.1 netcat-openbsd shared-mime-info
#7 7.261 0 upgraded, 70 newly installed, 0 to remove and 0 not upgraded.
#7 7.261 Need to get 19.9 MB of archives.
#7 7.261 After this operation, 62.2 MB of additional disk space will be used.
#7 7.261 Get:1 http://deb.debian.org/debian trixie/main amd64 libexpat1 amd64 2.8.3-1~deb13u1 [123 kB]
#7 7.448 Get:2 http://deb.debian.org/debian trixie/main amd64 gettext-base amd64 0.23.1-2 [243 kB]
#7 7.625 Get:3 http://deb.debian.org/debian trixie/main amd64 libbrotli1 amd64 1.1.0-2+b7 [307 kB]
#7 7.708 Get:4 http://deb.debian.org/debian trixie/main amd64 libkrb5support0 amd64 1.21.3-5+deb13u1 [33.1 kB]
#7 7.710 Get:5 http://deb.debian.org/debian trixie/main amd64 libcom-err2 amd64 1.47.2-3+b12 [25.0 kB]
#7 7.715 Get:6 http://deb.debian.org/debian trixie/main amd64 libk5crypto3 amd64 1.21.3-5+deb13u1 [81.2 kB]
#7 7.724 Get:7 http://deb.debian.org/debian trixie/main amd64 libkeyutils1 amd64 1.6.3-6 [9456 B]
#7 7.724 Get:8 http://deb.debian.org/debian trixie/main amd64 libkrb5-3 amd64 1.21.3-5+deb13u1 [326 kB]
#7 7.787 Get:9 http://deb.debian.org/debian trixie/main amd64 libgssapi-krb5-2 amd64 1.21.3-5+deb13u1 [138 kB]
#7 7.795 Get:10 http://deb.debian.org/debian trixie/main amd64 libunistring5 amd64 1.3-2 [477 kB]
#7 7.837 Get:11 http://deb.debian.org/debian trixie/main amd64 libidn2-0 amd64 2.3.8-2 [109 kB]
#7 7.844 Get:12 http://deb.debian.org/debian trixie/main amd64 libsasl2-modules-db amd64 2.1.28+dfsg1-9 [19.8 kB]
#7 7.849 Get:13 http://deb.debian.org/debian trixie/main amd64 libsasl2-2 amd64 2.1.28+dfsg1-9 [57.5 kB]
#7 7.856 Get:14 http://deb.debian.org/debian trixie/main amd64 libldap2 amd64 2.6.10+dfsg-1 [194 kB]
#7 7.891 Get:15 http://deb.debian.org/debian trixie/main amd64 libnghttp2-14 amd64 1.64.0-1.1+deb13u1 [76.2 kB]
#7 7.907 Get:16 http://deb.debian.org/debian trixie/main amd64 libnghttp3-9 amd64 1.8.0-1 [67.7 kB]
#7 7.920 Get:17 http://deb.debian.org/debian trixie/main amd64 libpsl5t64 amd64 0.21.2-1.1+b1 [57.2 kB]
#7 7.923 Get:18 http://deb.debian.org/debian trixie/main amd64 libp11-kit0 amd64 0.25.5-3 [425 kB]
#7 7.955 Get:19 http://deb.debian.org/debian trixie/main amd64 libtasn1-6 amd64 4.20.0-2+deb13u1 [50.1 kB]
#7 7.967 Get:20 http://deb.debian.org/debian trixie/main amd64 libgnutls30t64 amd64 3.8.9-3+deb13u4 [1469 kB]
#7 8.096 Get:21 http://deb.debian.org/debian trixie/main amd64 librtmp1 amd64 2.4+20151223.gitfa8646d.1-2+b5 [58.8 kB]
#7 8.101 Get:22 http://deb.debian.org/debian trixie/main amd64 libssh2-1t64 amd64 1.11.1-1+deb13u2 [245 kB]
#7 8.116 Get:23 http://deb.debian.org/debian trixie/main amd64 libcurl4t64 amd64 8.14.1-2+deb13u5 [391 kB]
#7 8.155 Get:24 http://deb.debian.org/debian trixie/main amd64 curl amd64 8.14.1-2+deb13u5 [270 kB]
#7 8.182 Get:25 http://deb.debian.org/debian trixie/main amd64 libpng16-16t64 amd64 1.6.48-1+deb13u5 [283 kB]
#7 8.209 Get:26 http://deb.debian.org/debian trixie/main amd64 libfreetype6 amd64 2.13.3+dfsg-1+deb13u1 [452 kB]
#7 8.254 Get:27 http://deb.debian.org/debian trixie/main amd64 fonts-dejavu-mono all 2.37-8 [489 kB]
#7 8.308 Get:28 http://deb.debian.org/debian trixie/main amd64 fonts-dejavu-core all 2.37-8 [840 kB]
#7 8.386 Get:29 http://deb.debian.org/debian trixie/main amd64 fontconfig-config amd64 2.15.0-2.3 [318 kB]
#7 8.405 Get:30 http://deb.debian.org/debian trixie/main amd64 libfontconfig1 amd64 2.15.0-2.3 [392 kB]
#7 8.427 Get:31 http://deb.debian.org/debian trixie/main amd64 fontconfig amd64 2.15.0-2.3 [463 kB]
#7 8.498 Get:32 http://deb.debian.org/debian trixie/main amd64 libgomp1 amd64 14.2.0-19 [137 kB]
#7 8.577 Get:33 http://deb.debian.org/debian trixie/main amd64 libxml2 amd64 2.12.7+dfsg+really2.9.14-2.1+deb13u3 [700 kB]
#7 8.668 Get:34 http://deb.debian.org/debian trixie/main amd64 gettext amd64 0.23.1-2 [1680 kB]
#7 8.755 Get:35 http://deb.debian.org/debian trixie/main amd64 libatomic1 amd64 14.2.0-19 [9308 B]
#7 8.756 Get:36 http://deb.debian.org/debian trixie/main amd64 libpixman-1-0 amd64 0.44.0-3 [248 kB]
#7 8.768 Get:37 http://deb.debian.org/debian trixie/main amd64 libxau6 amd64 1:1.0.11-1 [20.4 kB]
#7 8.769 Get:38 http://deb.debian.org/debian trixie/main amd64 libxdmcp6 amd64 1:1.1.5-1 [27.8 kB]
#7 8.787 Get:39 http://deb.debian.org/debian trixie/main amd64 libxcb1 amd64 1.17.0-2+b1 [144 kB]
#7 8.798 Get:40 http://deb.debian.org/debian trixie/main amd64 libx11-data all 2:1.8.12-1 [343 kB]
#7 8.817 Get:41 http://deb.debian.org/debian trixie/main amd64 libx11-6 amd64 2:1.8.12-1 [815 kB]
#7 8.858 Get:42 http://deb.debian.org/debian trixie/main amd64 libxcb-render0 amd64 1.17.0-2+b1 [115 kB]
#7 8.900 Get:43 http://deb.debian.org/debian trixie/main amd64 libxcb-shm0 amd64 1.17.0-2+b1 [105 kB]
#7 8.906 Get:44 http://deb.debian.org/debian trixie/main amd64 libxext6 amd64 2:1.3.4-1+b3 [50.4 kB]
#7 8.909 Get:45 http://deb.debian.org/debian trixie/main amd64 libxrender1 amd64 1:0.9.12-1 [27.9 kB]
#7 8.911 Get:46 http://deb.debian.org/debian trixie/main amd64 libcairo2 amd64 1.18.4-1+b1 [538 kB]
#7 8.940 Get:47 http://deb.debian.org/debian trixie/main amd64 libdatrie1 amd64 0.2.13-3+b1 [38.1 kB]
#7 8.941 Get:48 http://deb.debian.org/debian trixie/main amd64 libdeflate0 amd64 1.23-2 [47.3 kB]
#7 8.943 Get:49 http://deb.debian.org/debian trixie/main amd64 libfribidi0 amd64 1.0.16-1 [26.5 kB]
#7 8.944 Get:50 http://deb.debian.org/debian trixie/main amd64 libgpg-error0 amd64 1.51-4 [82.1 kB]
#7 9.000 Get:51 http://deb.debian.org/debian trixie/main amd64 libgcrypt20 amd64 1.11.0-7+deb13u1 [843 kB]
#7 9.108 Get:52 http://deb.debian.org/debian trixie/main amd64 libgdk-pixbuf2.0-common all 2.42.12+dfsg-4+deb13u1 [312 kB]
#7 9.197 Get:53 http://deb.debian.org/debian trixie/main amd64 libglib2.0-0t64 amd64 2.84.4-3~deb13u5 [1521 kB]
#7 9.321 Get:54 http://deb.debian.org/debian trixie/main amd64 shared-mime-info amd64 2.4-5+b2 [760 kB]
#7 9.435 Get:55 http://deb.debian.org/debian trixie/main amd64 libjpeg62-turbo amd64 1:2.1.5-4 [168 kB]
#7 9.446 Get:56 http://deb.debian.org/debian trixie/main amd64 libjbig0 amd64 2.1-6.1+b2 [32.1 kB]
#7 9.448 Get:57 http://deb.debian.org/debian trixie/main amd64 liblerc4 amd64 4.0.0+ds-5 [183 kB]
#7 9.455 Get:58 http://deb.debian.org/debian trixie/main amd64 libsharpyuv0 amd64 1.5.0-0.1 [116 kB]
#7 9.527 Get:59 http://deb.debian.org/debian trixie/main amd64 libwebp7 amd64 1.5.0-0.1 [318 kB]
#7 9.549 Get:60 http://deb.debian.org/debian trixie/main amd64 libtiff6 amd64 4.7.0-3+deb13u3 [345 kB]
#7 9.568 Get:61 http://deb.debian.org/debian trixie/main amd64 libgdk-pixbuf-2.0-0 amd64 2.42.12+dfsg-4+deb13u1 [141 kB]
#7 9.575 Get:62 http://deb.debian.org/debian trixie/main amd64 libgdk-pixbuf-xlib-2.0-0 amd64 2.40.2-5 [40.6 kB]
#7 9.578 Get:63 http://deb.debian.org/debian trixie/main amd64 libgraphite2-3 amd64 1.3.14-2+deb13u1 [75.2 kB]
#7 9.582 Get:64 http://deb.debian.org/debian trixie/main amd64 libharfbuzz0b amd64 10.2.0-1+deb13u1 [479 kB]
#7 9.702 Get:65 http://deb.debian.org/debian trixie/main amd64 libthai-data all 0.1.29-2 [168 kB]
#7 9.719 Get:66 http://deb.debian.org/debian trixie/main amd64 libthai0 amd64 0.1.29-2+b1 [49.4 kB]
#7 9.722 Get:67 http://deb.debian.org/debian trixie/main amd64 libpango-1.0-0 amd64 1.56.3-1 [226 kB]
#7 9.822 Get:68 http://deb.debian.org/debian trixie/main amd64 libpq5 amd64 17.11-0+deb13u1 [237 kB]
#7 9.910 Get:69 http://deb.debian.org/debian trixie/main amd64 libxslt1.1 amd64 1.1.35-1.2+deb13u3 [233 kB]
#7 9.938 Get:70 http://deb.debian.org/debian trixie/main amd64 netcat-openbsd amd64 1.229-1 [42.5 kB]
#7 ...

#8 [builder 2/7] RUN apt-get update     && apt-get install -y --no-install-recommends         build-essential         libpq-dev         libjpeg-dev         zlib1g-dev         libcairo2-dev         libpango1.0-dev         libgdk-pixbuf-xlib-2.0-dev         libxml2-dev         libxslt1-dev         libffi-dev         pkg-config         gcc         g++     && rm -rf /var/lib/apt/lists/*
#8 0.974 Hit:1 http://deb.debian.org/debian trixie InRelease
#8 1.040 Get:2 http://deb.debian.org/debian trixie-updates InRelease [47.3 kB]
#8 1.217 Get:3 http://deb.debian.org/debian-security trixie-security InRelease [43.4 kB]
#8 1.326 Get:4 http://deb.debian.org/debian trixie/main amd64 Packages [9678 kB]
#8 2.493 Get:5 http://deb.debian.org/debian trixie-updates/main amd64 Packages [4412 B]
#8 2.581 Get:6 http://deb.debian.org/debian-security trixie-security/main amd64 Packages [262 kB]
#8 3.660 Fetched 10.0 MB in 3s (3292 kB/s)
#8 3.660 Reading package lists...
#8 4.771 Reading package lists...
#8 5.818 Building dependency tree...
#8 6.073 Reading state information...
#8 6.604 The following additional packages will be installed:
#8 6.604   binutils binutils-common binutils-x86-64-linux-gnu bzip2 cpp cpp-14
#8 6.604   cpp-14-x86-64-linux-gnu cpp-x86-64-linux-gnu dpkg-dev fontconfig
#8 6.604   fontconfig-config fonts-dejavu-core fonts-dejavu-mono g++-14
#8 6.604   g++-14-x86-64-linux-gnu g++-x86-64-linux-gnu gcc-14 gcc-14-x86-64-linux-gnu
#8 6.604   gcc-x86-64-linux-gnu gir1.2-freedesktop gir1.2-freedesktop-dev
#8 6.604   gir1.2-gdkpixbuf-2.0 gir1.2-glib-2.0 gir1.2-glib-2.0-dev gir1.2-harfbuzz-0.0
#8 6.604   gir1.2-pango-1.0 girepository-tools icu-devtools libasan8 libatomic1
#8 6.604   libbinutils libblkid-dev libbrotli-dev libbrotli1 libbz2-dev libc-dev-bin
#8 6.604   libc6-dev libcairo-gobject2 libcairo-script-interpreter2 libcairo2 libcc1-0
#8 6.604   libcom-err2 libcrypt-dev libctf-nobfd0 libctf0 libdatrie-dev libdatrie1
#8 6.604   libdeflate-dev libdeflate0 libdpkg-perl libelf1t64 libexpat1 libexpat1-dev
#8 6.604   libfontconfig-dev libfontconfig1 libfreetype-dev libfreetype6 libfribidi-dev
#8 6.604   libfribidi0 libgcc-14-dev libgcrypt20 libgdbm-compat4t64 libgdk-pixbuf-2.0-0
#8 6.604   libgdk-pixbuf-2.0-dev libgdk-pixbuf-xlib-2.0-0 libgdk-pixbuf2.0-bin
#8 6.604   libgdk-pixbuf2.0-common libgio-2.0-dev libgio-2.0-dev-bin
#8 6.604   libgirepository-2.0-0 libglib2.0-0t64 libglib2.0-bin libglib2.0-data
#8 6.604   libglib2.0-dev libglib2.0-dev-bin libgomp1 libgpg-error0 libgprofng0
#8 6.604   libgraphite2-3 libgraphite2-dev libgssapi-krb5-2 libharfbuzz-cairo0
#8 6.604   libharfbuzz-dev libharfbuzz-gobject0 libharfbuzz-icu0 libharfbuzz-subset0
#8 6.604   libharfbuzz0b libhwasan0 libice-dev libice6 libicu-dev libicu76 libisl23
#8 6.604   libitm1 libjansson4 libjbig-dev libjbig0 libjpeg62-turbo libjpeg62-turbo-dev
#8 6.605   libk5crypto3 libkeyutils1 libkrb5-3 libkrb5support0 libldap2 liblerc-dev
#8 6.605   liblerc4 liblsan0 liblzma-dev liblzo2-2 libmount-dev libmpc3 libmpfr6
#8 6.605   libpango-1.0-0 libpangocairo-1.0-0 libpangoft2-1.0-0 libpangoxft-1.0-0
#8 6.605   libpcre2-16-0 libpcre2-32-0 libpcre2-dev libpcre2-posix3 libperl5.40
#8 6.605   libpixman-1-0 libpixman-1-dev libpkgconf3 libpng-dev libpng16-16t64 libpq5
#8 6.606   libpython3-stdlib libpython3.13-minimal libpython3.13-stdlib libquadmath0
#8 6.606   libsasl2-2 libsasl2-modules-db libselinux1-dev libsepol-dev libsframe1
#8 6.606   libsharpyuv-dev libsharpyuv0 libsm-dev libsm6 libssl-dev libstdc++-14-dev
#8 6.606   libsysprof-capture-4-dev libthai-data libthai-dev libthai0 libtiff-dev
#8 6.606   libtiff6 libtiffxx6 libtsan2 libubsan1 libwebp-dev libwebp7 libwebpdecoder3
#8 6.606   libwebpdemux2 libwebpmux3 libx11-6 libx11-data libx11-dev libxau-dev libxau6
#8 6.606   libxcb-render0 libxcb-render0-dev libxcb-shm0 libxcb-shm0-dev libxcb1
#8 6.606   libxcb1-dev libxdmcp-dev libxdmcp6 libxext-dev libxext6 libxft-dev libxft2
#8 6.606   libxml2 libxrender-dev libxrender1 libxslt1.1 libzstd-dev linux-libc-dev
#8 6.606   make media-types native-architecture pango1.0-tools patch perl
#8 6.606   perl-modules-5.40 pkgconf pkgconf-bin python3 python3-minimal
#8 6.607   python3-packaging python3.13 python3.13-minimal rpcsvc-proto
#8 6.607   shared-mime-info uuid-dev x11-common x11proto-dev xorg-sgml-doctools
#8 6.607   xtrans-dev xz-utils
#8 6.610 Suggested packages:
#8 6.610   binutils-doc gprofng-gui binutils-gold bzip2-doc cpp-doc gcc-14-locales
#8 6.610   cpp-14-doc debian-keyring debian-tag2upload-keyring g++-multilib
#8 6.610   g++-14-multilib gcc-14-doc gcc-multilib manpages-dev autoconf automake
#8 6.610   libtool flex bison gdb gcc-doc gcc-14-multilib gdb-x86-64-linux-gnu
#8 6.610   libc-devtools glibc-doc libcairo2-doc libdatrie-doc sq | sqop | rsop | gosop
#8 6.610   | pgpainless-cli | gpg-sq | gnupg sensible-utils git bzr freetype2-doc
#8 6.610   rng-tools libglib2.0-doc libxml2-utils low-memory-monitor libgraphite2-utils
#8 6.610   krb5-doc krb5-user libice-doc icu-doc liblzma-doc libpango1.0-doc
#8 6.610   postgresql-doc-17 libsm-doc libssl-doc libstdc++-14-doc libthai-doc
#8 6.610   libx11-doc libxcb-doc libxext-doc make-doc graphicsmagick ed diffutils-doc
#8 6.610   perl-doc libterm-readline-gnu-perl | libterm-readline-perl-perl
#8 6.610   libtap-harness-archive-perl python3-doc python3-tk python3-venv
#8 6.610   python3.13-venv python3.13-doc binfmt-support
#8 6.610 Recommended packages:
#8 6.610   fakeroot sq | sqop | rsop | gosop | pgpainless-cli | gpg-sq | gnupg
#8 6.610   libalgorithm-merge-perl bzip2-doc manpages manpages-dev
#8 6.610   libfile-fcntllock-perl liblocale-gettext-perl xdg-user-dirs
#8 6.610   libgpg-error-l10n krb5-locales libldap-common libpng-tools libsasl2-modules
#8 8.188 The following NEW packages will be installed:
#8 8.188   binutils binutils-common binutils-x86-64-linux-gnu build-essential bzip2 cpp
#8 8.189   cpp-14 cpp-14-x86-64-linux-gnu cpp-x86-64-linux-gnu dpkg-dev fontconfig
#8 8.189   fontconfig-config fonts-dejavu-core fonts-dejavu-mono g++ g++-14
#8 8.189   g++-14-x86-64-linux-gnu g++-x86-64-linux-gnu gcc gcc-14
#8 8.190   gcc-14-x86-64-linux-gnu gcc-x86-64-linux-gnu gir1.2-freedesktop
#8 8.190   gir1.2-freedesktop-dev gir1.2-gdkpixbuf-2.0 gir1.2-glib-2.0
#8 8.200   gir1.2-glib-2.0-dev gir1.2-harfbuzz-0.0 gir1.2-pango-1.0 girepository-tools
#8 8.200   icu-devtools libasan8 libatomic1 libbinutils libblkid-dev libbrotli-dev
#8 8.200   libbrotli1 libbz2-dev libc-dev-bin libc6-dev libcairo-gobject2
#8 8.200   libcairo-script-interpreter2 libcairo2 libcairo2-dev libcc1-0 libcom-err2
#8 8.200   libcrypt-dev libctf-nobfd0 libctf0 libdatrie-dev libdatrie1 libdeflate-dev
#8 8.200   libdeflate0 libdpkg-perl libelf1t64 libexpat1 libexpat1-dev libffi-dev
#8 8.200   libfontconfig-dev libfontconfig1 libfreetype-dev libfreetype6 libfribidi-dev
#8 8.200   libfribidi0 libgcc-14-dev libgcrypt20 libgdbm-compat4t64 libgdk-pixbuf-2.0-0
#8 8.200   libgdk-pixbuf-2.0-dev libgdk-pixbuf-xlib-2.0-0 libgdk-pixbuf-xlib-2.0-dev
#8 8.200   libgdk-pixbuf2.0-bin libgdk-pixbuf2.0-common libgio-2.0-dev
#8 8.200   libgio-2.0-dev-bin libgirepository-2.0-0 libglib2.0-0t64 libglib2.0-bin
#8 8.200   libglib2.0-data libglib2.0-dev libglib2.0-dev-bin libgomp1 libgpg-error0
#8 8.200   libgprofng0 libgraphite2-3 libgraphite2-dev libgssapi-krb5-2
#8 8.200   libharfbuzz-cairo0 libharfbuzz-dev libharfbuzz-gobject0 libharfbuzz-icu0
#8 8.200   libharfbuzz-subset0 libharfbuzz0b libhwasan0 libice-dev libice6 libicu-dev
#8 8.200   libicu76 libisl23 libitm1 libjansson4 libjbig-dev libjbig0 libjpeg-dev
#8 8.200   libjpeg62-turbo libjpeg62-turbo-dev libk5crypto3 libkeyutils1 libkrb5-3
#8 8.200   libkrb5support0 libldap2 liblerc-dev liblerc4 liblsan0 liblzma-dev liblzo2-2
#8 8.200   libmount-dev libmpc3 libmpfr6 libpango-1.0-0 libpango1.0-dev
#8 8.200   libpangocairo-1.0-0 libpangoft2-1.0-0 libpangoxft-1.0-0 libpcre2-16-0
#8 8.200   libpcre2-32-0 libpcre2-dev libpcre2-posix3 libperl5.40 libpixman-1-0
#8 8.200   libpixman-1-dev libpkgconf3 libpng-dev libpng16-16t64 libpq-dev libpq5
#8 8.200   libpython3-stdlib libpython3.13-minimal libpython3.13-stdlib libquadmath0
#8 8.200   libsasl2-2 libsasl2-modules-db libselinux1-dev libsepol-dev libsframe1
#8 8.200   libsharpyuv-dev libsharpyuv0 libsm-dev libsm6 libssl-dev libstdc++-14-dev
#8 8.200   libsysprof-capture-4-dev libthai-data libthai-dev libthai0 libtiff-dev
#8 8.200   libtiff6 libtiffxx6 libtsan2 libubsan1 libwebp-dev libwebp7 libwebpdecoder3
#8 8.200   libwebpdemux2 libwebpmux3 libx11-6 libx11-data libx11-dev libxau-dev libxau6
#8 8.200   libxcb-render0 libxcb-render0-dev libxcb-shm0 libxcb-shm0-dev libxcb1
#8 8.200   libxcb1-dev libxdmcp-dev libxdmcp6 libxext-dev libxext6 libxft-dev libxft2
#8 8.200   libxml2 libxml2-dev libxrender-dev libxrender1 libxslt1-dev libxslt1.1
#8 8.200   libzstd-dev linux-libc-dev make media-types native-architecture
#8 8.200   pango1.0-tools patch perl perl-modules-5.40 pkg-config pkgconf pkgconf-bin
#8 8.200   python3 python3-minimal python3-packaging python3.13 python3.13-minimal
#8 8.200   rpcsvc-proto shared-mime-info uuid-dev x11-common x11proto-dev
#8 8.200   xorg-sgml-doctools xtrans-dev xz-utils zlib1g-dev
#8 8.451 0 upgraded, 214 newly installed, 0 to remove and 0 not upgraded.
#8 8.451 Need to get 146 MB of archives.
#8 8.451 After this operation, 595 MB of additional disk space will be used.
#8 8.451 Get:1 http://deb.debian.org/debian trixie/main amd64 libexpat1 amd64 2.8.3-1~deb13u1 [123 kB]
#8 8.653 Get:2 http://deb.debian.org/debian trixie/main amd64 libpython3.13-minimal amd64 3.13.5-2+deb13u5 [863 kB]
#8 9.004 Get:3 http://deb.debian.org/debian trixie/main amd64 python3.13-minimal amd64 3.13.5-2+deb13u5 [2225 kB]
#8 9.251 Get:4 http://deb.debian.org/debian trixie/main amd64 python3-minimal amd64 3.13.5-1 [27.2 kB]
#8 9.253 Get:5 http://deb.debian.org/debian trixie/main amd64 media-types all 13.0.0 [29.3 kB]
#8 9.309 Get:6 http://deb.debian.org/debian trixie/main amd64 libpython3.13-stdlib amd64 3.13.5-2+deb13u5 [1959 kB]
#8 9.450 Get:7 http://deb.debian.org/debian trixie/main amd64 python3.13 amd64 3.13.5-2+deb13u5 [757 kB]
#8 9.487 Get:8 http://deb.debian.org/debian trixie/main amd64 libpython3-stdlib amd64 3.13.5-1 [10.2 kB]
#8 9.488 Get:9 http://deb.debian.org/debian trixie/main amd64 python3 amd64 3.13.5-1 [28.2 kB]
#8 9.490 Get:10 http://deb.debian.org/debian trixie/main amd64 bzip2 amd64 1.0.8-6 [40.5 kB]
#8 9.553 Get:11 http://deb.debian.org/debian trixie/main amd64 perl-modules-5.40 all 5.40.1-6+deb13u1 [3014 kB]
#8 9.676 Get:12 http://deb.debian.org/debian trixie/main amd64 libgdbm-compat4t64 amd64 1.24-2 [50.3 kB]
#8 9.677 Get:13 http://deb.debian.org/debian trixie/main amd64 libperl5.40 amd64 5.40.1-6+deb13u1 [4326 kB]
#8 9.966 Get:14 http://deb.debian.org/debian trixie/main amd64 perl amd64 5.40.1-6+deb13u1 [268 kB]
#8 9.977 Get:15 http://deb.debian.org/debian trixie/main amd64 xz-utils amd64 5.8.1-1+deb13u1 [659 kB]
#8 10.01 Get:16 http://deb.debian.org/debian trixie/main amd64 libsframe1 amd64 2.44-3 [78.4 kB]
#8 10.01 Get:17 http://deb.debian.org/debian trixie/main amd64 binutils-common amd64 2.44-3 [2509 kB]
#8 10.16 Get:18 http://deb.debian.org/debian trixie/main amd64 libbinutils amd64 2.44-3 [534 kB]
#8 10.18 Get:19 http://deb.debian.org/debian trixie/main amd64 libgprofng0 amd64 2.44-3 [808 kB]
#8 10.22 Get:20 http://deb.debian.org/debian trixie/main amd64 libctf-nobfd0 amd64 2.44-3 [156 kB]
#8 10.23 Get:21 http://deb.debian.org/debian trixie/main amd64 libctf0 amd64 2.44-3 [88.6 kB]
#8 10.23 Get:22 http://deb.debian.org/debian trixie/main amd64 libjansson4 amd64 2.14-2+b3 [39.8 kB]
#8 10.23 Get:23 http://deb.debian.org/debian trixie/main amd64 binutils-x86-64-linux-gnu amd64 2.44-3 [1014 kB]
#8 10.28 Get:24 http://deb.debian.org/debian trixie/main amd64 binutils amd64 2.44-3 [265 kB]
#8 10.31 Get:25 http://deb.debian.org/debian trixie/main amd64 libc-dev-bin amd64 2.41-12+deb13u4 [60.0 kB]
#8 10.31 Get:26 http://deb.debian.org/debian trixie/main amd64 linux-libc-dev all 6.12.107-1 [2919 kB]
#8 ...

#7 [production  2/11] RUN apt-get update     && apt-get install -y --no-install-recommends         libpq5         libjpeg62-turbo         zlib1g         libcairo2         libpango-1.0-0         libgdk-pixbuf-xlib-2.0-0         libxml2         libxslt1.1         libffi8         curl         netcat-openbsd         gettext     && rm -rf /var/lib/apt/lists/*     && apt-get clean
#7 10.39 debconf: unable to initialize frontend: Dialog
#7 10.39 debconf: (TERM is not set, so the dialog frontend is not usable.)
#7 10.39 debconf: falling back to frontend: Readline
#7 10.39 debconf: unable to initialize frontend: Readline
#7 10.39 debconf: (Can't locate Term/ReadLine.pm in @INC (you may need to install the Term::ReadLine module) (@INC entries checked: /etc/perl /usr/local/lib/x86_64-linux-gnu/perl/5.40.1 /usr/local/share/perl/5.40.1 /usr/lib/x86_64-linux-gnu/perl5/5.40 /usr/share/perl5 /usr/lib/x86_64-linux-gnu/perl-base /usr/lib/x86_64-linux-gnu/perl/5.40 /usr/share/perl/5.40 /usr/local/lib/site_perl) at /usr/share/perl5/Debconf/FrontEnd/Readline.pm line 8, <STDIN> line 70.)
#7 10.39 debconf: falling back to frontend: Teletype
#7 10.40 debconf: unable to initialize frontend: Teletype
#7 10.40 debconf: (This frontend requires a controlling tty.)
#7 10.40 debconf: falling back to frontend: Noninteractive
#7 15.47 Preconfiguring packages ...
#7 15.57 Fetched 19.9 MB in 3s (6937 kB/s)
#7 15.60 Selecting previously unselected package libexpat1:amd64.
#7 15.60 (Reading database ... 
(Reading database ... 5%
(Reading database ... 10%
(Reading database ... 15%
(Reading database ... 20%
(Reading database ... 25%
(Reading database ... 30%
(Reading database ... 35%
(Reading database ... 40%
(Reading database ... 45%
(Reading database ... 50%
(Reading database ... 55%
(Reading database ... 60%
(Reading database ... 65%
(Reading database ... 70%
(Reading database ... 75%
(Reading database ... 80%
(Reading database ... 85%
(Reading database ... 90%
(Reading database ... 95%
(Reading database ... 100%
(Reading database ... 5660 files and directories currently installed.)
#7 15.63 Preparing to unpack .../00-libexpat1_2.8.3-1~deb13u1_amd64.deb ...
#7 15.64 Unpacking libexpat1:amd64 (2.8.3-1~deb13u1) ...
#7 15.70 Selecting previously unselected package gettext-base.
#7 15.70 Preparing to unpack .../01-gettext-base_0.23.1-2_amd64.deb ...
#7 15.70 Unpacking gettext-base (0.23.1-2) ...
#7 15.76 Selecting previously unselected package libbrotli1:amd64.
#7 15.76 Preparing to unpack .../02-libbrotli1_1.1.0-2+b7_amd64.deb ...
#7 15.77 Unpacking libbrotli1:amd64 (1.1.0-2+b7) ...
#7 15.82 Selecting previously unselected package libkrb5support0:amd64.
#7 15.82 Preparing to unpack .../03-libkrb5support0_1.21.3-5+deb13u1_amd64.deb ...
#7 15.83 Unpacking libkrb5support0:amd64 (1.21.3-5+deb13u1) ...
#7 15.88 Selecting previously unselected package libcom-err2:amd64.
#7 15.89 Preparing to unpack .../04-libcom-err2_1.47.2-3+b12_amd64.deb ...
#7 15.89 Unpacking libcom-err2:amd64 (1.47.2-3+b12) ...
#7 15.93 Selecting previously unselected package libk5crypto3:amd64.
#7 15.93 Preparing to unpack .../05-libk5crypto3_1.21.3-5+deb13u1_amd64.deb ...
#7 15.93 Unpacking libk5crypto3:amd64 (1.21.3-5+deb13u1) ...
#7 15.98 Selecting previously unselected package libkeyutils1:amd64.
#7 15.98 Preparing to unpack .../06-libkeyutils1_1.6.3-6_amd64.deb ...
#7 15.99 Unpacking libkeyutils1:amd64 (1.6.3-6) ...
#7 16.03 Selecting previously unselected package libkrb5-3:amd64.
#7 16.04 Preparing to unpack .../07-libkrb5-3_1.21.3-5+deb13u1_amd64.deb ...
#7 16.04 Unpacking libkrb5-3:amd64 (1.21.3-5+deb13u1) ...
#7 16.10 Selecting previously unselected package libgssapi-krb5-2:amd64.
#7 16.10 Preparing to unpack .../08-libgssapi-krb5-2_1.21.3-5+deb13u1_amd64.deb ...
#7 16.10 Unpacking libgssapi-krb5-2:amd64 (1.21.3-5+deb13u1) ...
#7 16.17 Selecting previously unselected package libunistring5:amd64.
#7 16.17 Preparing to unpack .../09-libunistring5_1.3-2_amd64.deb ...
#7 16.18 Unpacking libunistring5:amd64 (1.3-2) ...
#7 16.28 Selecting previously unselected package libidn2-0:amd64.
#7 16.29 Preparing to unpack .../10-libidn2-0_2.3.8-2_amd64.deb ...
#7 16.29 Unpacking libidn2-0:amd64 (2.3.8-2) ...
#7 16.35 Selecting previously unselected package libsasl2-modules-db:amd64.
#7 16.35 Preparing to unpack .../11-libsasl2-modules-db_2.1.28+dfsg1-9_amd64.deb ...
#7 16.36 Unpacking libsasl2-modules-db:amd64 (2.1.28+dfsg1-9) ...
#7 16.44 Selecting previously unselected package libsasl2-2:amd64.
#7 16.44 Preparing to unpack .../12-libsasl2-2_2.1.28+dfsg1-9_amd64.deb ...
#7 16.45 Unpacking libsasl2-2:amd64 (2.1.28+dfsg1-9) ...
#7 16.50 Selecting previously unselected package libldap2:amd64.
#7 16.51 Preparing to unpack .../13-libldap2_2.6.10+dfsg-1_amd64.deb ...
#7 16.51 Unpacking libldap2:amd64 (2.6.10+dfsg-1) ...
#7 16.57 Selecting previously unselected package libnghttp2-14:amd64.
#7 16.57 Preparing to unpack .../14-libnghttp2-14_1.64.0-1.1+deb13u1_amd64.deb ...
#7 16.57 Unpacking libnghttp2-14:amd64 (1.64.0-1.1+deb13u1) ...
#7 16.62 Selecting previously unselected package libnghttp3-9:amd64.
#7 16.62 Preparing to unpack .../15-libnghttp3-9_1.8.0-1_amd64.deb ...
#7 16.62 Unpacking libnghttp3-9:amd64 (1.8.0-1) ...
#7 16.67 Selecting previously unselected package libpsl5t64:amd64.
#7 16.67 Preparing to unpack .../16-libpsl5t64_0.21.2-1.1+b1_amd64.deb ...
#7 16.67 Unpacking libpsl5t64:amd64 (0.21.2-1.1+b1) ...
#7 16.73 Selecting previously unselected package libp11-kit0:amd64.
#7 16.73 Preparing to unpack .../17-libp11-kit0_0.25.5-3_amd64.deb ...
#7 16.75 Unpacking libp11-kit0:amd64 (0.25.5-3) ...
#7 16.83 Selecting previously unselected package libtasn1-6:amd64.
#7 16.83 Preparing to unpack .../18-libtasn1-6_4.20.0-2+deb13u1_amd64.deb ...
#7 16.84 Unpacking libtasn1-6:amd64 (4.20.0-2+deb13u1) ...
#7 16.91 Selecting previously unselected package libgnutls30t64:amd64.
#7 16.91 Preparing to unpack .../19-libgnutls30t64_3.8.9-3+deb13u4_amd64.deb ...
#7 16.92 Unpacking libgnutls30t64:amd64 (3.8.9-3+deb13u4) ...
#7 17.10 Selecting previously unselected package librtmp1:amd64.
#7 17.10 Preparing to unpack .../20-librtmp1_2.4+20151223.gitfa8646d.1-2+b5_amd64.deb ...
#7 17.11 Unpacking librtmp1:amd64 (2.4+20151223.gitfa8646d.1-2+b5) ...
#7 17.25 Selecting previously unselected package libssh2-1t64:amd64.
#7 17.25 Preparing to unpack .../21-libssh2-1t64_1.11.1-1+deb13u2_amd64.deb ...
#7 17.44 Unpacking libssh2-1t64:amd64 (1.11.1-1+deb13u2) ...
#7 17.62 Selecting previously unselected package libcurl4t64:amd64.
#7 17.62 Preparing to unpack .../22-libcurl4t64_8.14.1-2+deb13u5_amd64.deb ...
#7 17.64 Unpacking libcurl4t64:amd64 (8.14.1-2+deb13u5) ...
#7 17.71 Selecting previously unselected package curl.
#7 17.72 Preparing to unpack .../23-curl_8.14.1-2+deb13u5_amd64.deb ...
#7 17.72 Unpacking curl (8.14.1-2+deb13u5) ...
#7 17.85 Selecting previously unselected package libpng16-16t64:amd64.
#7 17.85 Preparing to unpack .../24-libpng16-16t64_1.6.48-1+deb13u5_amd64.deb ...
#7 17.97 Unpacking libpng16-16t64:amd64 (1.6.48-1+deb13u5) ...
#7 ...

#8 [builder 2/7] RUN apt-get update     && apt-get install -y --no-install-recommends         build-essential         libpq-dev         libjpeg-dev         zlib1g-dev         libcairo2-dev         libpango1.0-dev         libgdk-pixbuf-xlib-2.0-dev         libxml2-dev         libxslt1-dev         libffi-dev         pkg-config         gcc         g++     && rm -rf /var/lib/apt/lists/*
#8 10.44 Get:27 http://deb.debian.org/debian trixie/main amd64 libcrypt-dev amd64 1:4.4.38-1 [119 kB]
#8 10.44 Get:28 http://deb.debian.org/debian trixie/main amd64 rpcsvc-proto amd64 1.4.3-1 [63.3 kB]
#8 10.45 Get:29 http://deb.debian.org/debian trixie/main amd64 libc6-dev amd64 2.41-12+deb13u4 [1995 kB]
#8 10.59 Get:30 http://deb.debian.org/debian trixie/main amd64 libisl23 amd64 0.27-1 [659 kB]
#8 10.66 Get:31 http://deb.debian.org/debian trixie/main amd64 libmpfr6 amd64 4.2.2-1 [729 kB]
#8 10.71 Get:32 http://deb.debian.org/debian trixie/main amd64 libmpc3 amd64 1.3.1-1+b3 [52.2 kB]
#8 10.72 Get:33 http://deb.debian.org/debian trixie/main amd64 cpp-14-x86-64-linux-gnu amd64 14.2.0-19 [11.0 MB]
#8 11.62 Get:34 http://deb.debian.org/debian trixie/main amd64 cpp-14 amd64 14.2.0-19 [1280 B]
#8 11.62 Get:35 http://deb.debian.org/debian trixie/main amd64 cpp-x86-64-linux-gnu amd64 4:14.2.0-1 [4840 B]
#8 11.62 Get:36 http://deb.debian.org/debian trixie/main amd64 cpp amd64 4:14.2.0-1 [1568 B]
#8 11.62 Get:37 http://deb.debian.org/debian trixie/main amd64 libcc1-0 amd64 14.2.0-19 [42.8 kB]
#8 11.62 Get:38 http://deb.debian.org/debian trixie/main amd64 libgomp1 amd64 14.2.0-19 [137 kB]
#8 11.63 Get:39 http://deb.debian.org/debian trixie/main amd64 libitm1 amd64 14.2.0-19 [26.0 kB]
#8 11.64 Get:40 http://deb.debian.org/debian trixie/main amd64 libatomic1 amd64 14.2.0-19 [9308 B]
#8 11.64 Get:41 http://deb.debian.org/debian trixie/main amd64 libasan8 amd64 14.2.0-19 [2725 kB]
#8 11.86 Get:42 http://deb.debian.org/debian trixie/main amd64 liblsan0 amd64 14.2.0-19 [1204 kB]
#8 11.95 Get:43 http://deb.debian.org/debian trixie/main amd64 libtsan2 amd64 14.2.0-19 [2460 kB]
#8 12.20 Get:44 http://deb.debian.org/debian trixie/main amd64 libubsan1 amd64 14.2.0-19 [1074 kB]
#8 12.25 Get:45 http://deb.debian.org/debian trixie/main amd64 libhwasan0 amd64 14.2.0-19 [1488 kB]
#8 12.35 Get:46 http://deb.debian.org/debian trixie/main amd64 libquadmath0 amd64 14.2.0-19 [145 kB]
#8 12.36 Get:47 http://deb.debian.org/debian trixie/main amd64 libgcc-14-dev amd64 14.2.0-19 [2672 kB]
#8 12.52 Get:48 http://deb.debian.org/debian trixie/main amd64 gcc-14-x86-64-linux-gnu amd64 14.2.0-19 [21.4 MB]
#8 14.06 Get:49 http://deb.debian.org/debian trixie/main amd64 gcc-14 amd64 14.2.0-19 [540 kB]
#8 14.08 Get:50 http://deb.debian.org/debian trixie/main amd64 gcc-x86-64-linux-gnu amd64 4:14.2.0-1 [1436 B]
#8 14.09 Get:51 http://deb.debian.org/debian trixie/main amd64 gcc amd64 4:14.2.0-1 [5136 B]
#8 14.09 Get:52 http://deb.debian.org/debian trixie/main amd64 libstdc++-14-dev amd64 14.2.0-19 [2376 kB]
#8 14.25 Get:53 http://deb.debian.org/debian trixie/main amd64 g++-14-x86-64-linux-gnu amd64 14.2.0-19 [12.1 MB]
#8 14.84 Get:54 http://deb.debian.org/debian trixie/main amd64 g++-14 amd64 14.2.0-19 [22.5 kB]
#8 14.84 Get:55 http://deb.debian.org/debian trixie/main amd64 g++-x86-64-linux-gnu amd64 4:14.2.0-1 [1200 B]
#8 14.84 Get:56 http://deb.debian.org/debian trixie/main amd64 g++ amd64 4:14.2.0-1 [1344 B]
#8 14.84 Get:57 http://deb.debian.org/debian trixie/main amd64 make amd64 4.4.1-2 [463 kB]
#8 14.86 Get:58 http://deb.debian.org/debian trixie/main amd64 libdpkg-perl all 1.22.22 [651 kB]
#8 14.90 Get:59 http://deb.debian.org/debian trixie/main amd64 patch amd64 2.8-2 [134 kB]
#8 14.90 Get:60 http://deb.debian.org/debian trixie/main amd64 dpkg-dev all 1.22.22 [1337 kB]
#8 14.98 Get:61 http://deb.debian.org/debian trixie/main amd64 build-essential amd64 12.12 [4624 B]
#8 14.98 Get:62 http://deb.debian.org/debian trixie/main amd64 libbrotli1 amd64 1.1.0-2+b7 [307 kB]
#8 15.00 Get:63 http://deb.debian.org/debian trixie/main amd64 libpng16-16t64 amd64 1.6.48-1+deb13u5 [283 kB]
#8 15.02 Get:64 http://deb.debian.org/debian trixie/main amd64 libfreetype6 amd64 2.13.3+dfsg-1+deb13u1 [452 kB]
#8 15.05 Get:65 http://deb.debian.org/debian trixie/main amd64 fonts-dejavu-mono all 2.37-8 [489 kB]
#8 15.09 Get:66 http://deb.debian.org/debian trixie/main amd64 fonts-dejavu-core all 2.37-8 [840 kB]
#8 15.15 Get:67 http://deb.debian.org/debian trixie/main amd64 fontconfig-config amd64 2.15.0-2.3 [318 kB]
#8 15.17 Get:68 http://deb.debian.org/debian trixie/main amd64 libfontconfig1 amd64 2.15.0-2.3 [392 kB]
#8 15.18 Get:69 http://deb.debian.org/debian trixie/main amd64 fontconfig amd64 2.15.0-2.3 [463 kB]
#8 15.23 Get:70 http://deb.debian.org/debian trixie/main amd64 libglib2.0-0t64 amd64 2.84.4-3~deb13u5 [1521 kB]
#8 15.34 Get:71 http://deb.debian.org/debian trixie/main amd64 gir1.2-glib-2.0 amd64 2.84.4-3~deb13u5 [201 kB]
#8 15.43 Get:72 http://deb.debian.org/debian trixie/main amd64 libpixman-1-0 amd64 0.44.0-3 [248 kB]
#8 15.45 Get:73 http://deb.debian.org/debian trixie/main amd64 libxau6 amd64 1:1.0.11-1 [20.4 kB]
#8 15.45 Get:74 http://deb.debian.org/debian trixie/main amd64 libxdmcp6 amd64 1:1.1.5-1 [27.8 kB]
#8 15.45 Get:75 http://deb.debian.org/debian trixie/main amd64 libxcb1 amd64 1.17.0-2+b1 [144 kB]
#8 15.52 Get:76 http://deb.debian.org/debian trixie/main amd64 libx11-data all 2:1.8.12-1 [343 kB]
#8 15.61 Get:77 http://deb.debian.org/debian trixie/main amd64 libx11-6 amd64 2:1.8.12-1 [815 kB]
#8 15.68 Get:78 http://deb.debian.org/debian trixie/main amd64 libxcb-render0 amd64 1.17.0-2+b1 [115 kB]
#8 15.69 Get:79 http://deb.debian.org/debian trixie/main amd64 libxcb-shm0 amd64 1.17.0-2+b1 [105 kB]
#8 15.70 Get:80 http://deb.debian.org/debian trixie/main amd64 libxext6 amd64 2:1.3.4-1+b3 [50.4 kB]
#8 15.70 Get:81 http://deb.debian.org/debian trixie/main amd64 libxrender1 amd64 1:0.9.12-1 [27.9 kB]
#8 15.70 Get:82 http://deb.debian.org/debian trixie/main amd64 libcairo2 amd64 1.18.4-1+b1 [538 kB]
#8 15.73 Get:83 http://deb.debian.org/debian trixie/main amd64 libcairo-gobject2 amd64 1.18.4-1+b1 [130 kB]
#8 15.74 Get:84 http://deb.debian.org/debian trixie/main amd64 gir1.2-freedesktop amd64 1.84.0-1 [60.5 kB]
#8 15.81 Get:85 http://deb.debian.org/debian trixie/main amd64 gir1.2-glib-2.0-dev amd64 2.84.4-3~deb13u5 [918 kB]
#8 15.87 Get:86 http://deb.debian.org/debian trixie/main amd64 gir1.2-freedesktop-dev amd64 1.84.0-1 [51.6 kB]
#8 15.87 Get:87 http://deb.debian.org/debian trixie/main amd64 libgdk-pixbuf2.0-common all 2.42.12+dfsg-4+deb13u1 [312 kB]
#8 15.92 Get:88 http://deb.debian.org/debian trixie/main amd64 libxml2 amd64 2.12.7+dfsg+really2.9.14-2.1+deb13u3 [700 kB]
#8 16.01 Get:89 http://deb.debian.org/debian trixie/main amd64 shared-mime-info amd64 2.4-5+b2 [760 kB]
#8 16.11 Get:90 http://deb.debian.org/debian trixie/main amd64 libjpeg62-turbo amd64 1:2.1.5-4 [168 kB]
#8 16.12 Get:91 http://deb.debian.org/debian trixie/main amd64 libdeflate0 amd64 1.23-2 [47.3 kB]
#8 16.13 Get:92 http://deb.debian.org/debian trixie/main amd64 libjbig0 amd64 2.1-6.1+b2 [32.1 kB]
#8 16.13 Get:93 http://deb.debian.org/debian trixie/main amd64 liblerc4 amd64 4.0.0+ds-5 [183 kB]
#8 16.15 Get:94 http://deb.debian.org/debian trixie/main amd64 libsharpyuv0 amd64 1.5.0-0.1 [116 kB]
#8 16.21 Get:95 http://deb.debian.org/debian trixie/main amd64 libwebp7 amd64 1.5.0-0.1 [318 kB]
#8 16.23 Get:96 http://deb.debian.org/debian trixie/main amd64 libtiff6 amd64 4.7.0-3+deb13u3 [345 kB]
#8 16.25 Get:97 http://deb.debian.org/debian trixie/main amd64 libgdk-pixbuf-2.0-0 amd64 2.42.12+dfsg-4+deb13u1 [141 kB]
#8 16.26 Get:98 http://deb.debian.org/debian trixie/main amd64 gir1.2-gdkpixbuf-2.0 amd64 2.42.12+dfsg-4+deb13u1 [14.5 kB]
#8 16.26 Get:99 http://deb.debian.org/debian trixie/main amd64 libgraphite2-3 amd64 1.3.14-2+deb13u1 [75.2 kB]
#8 16.26 Get:100 http://deb.debian.org/debian trixie/main amd64 libharfbuzz0b amd64 10.2.0-1+deb13u1 [479 kB]
#8 16.30 Get:101 http://deb.debian.org/debian trixie/main amd64 libharfbuzz-gobject0 amd64 10.2.0-1+deb13u1 [32.9 kB]
#8 16.31 Get:102 http://deb.debian.org/debian trixie/main amd64 gir1.2-harfbuzz-0.0 amd64 10.2.0-1+deb13u1 [42.2 kB]
#8 16.31 Get:103 http://deb.debian.org/debian trixie/main amd64 libfribidi0 amd64 1.0.16-1 [26.5 kB]
#8 16.32 Get:104 http://deb.debian.org/debian trixie/main amd64 libthai-data all 0.1.29-2 [168 kB]
#8 16.33 Get:105 http://deb.debian.org/debian trixie/main amd64 libdatrie1 amd64 0.2.13-3+b1 [38.1 kB]
#8 16.33 Get:106 http://deb.debian.org/debian trixie/main amd64 libthai0 amd64 0.1.29-2+b1 [49.4 kB]
#8 16.34 Get:107 http://deb.debian.org/debian trixie/main amd64 libpango-1.0-0 amd64 1.56.3-1 [226 kB]
#8 16.36 Get:108 http://deb.debian.org/debian trixie/main amd64 libpangoft2-1.0-0 amd64 1.56.3-1 [55.6 kB]
#8 16.37 Get:109 http://deb.debian.org/debian trixie/main amd64 libpangocairo-1.0-0 amd64 1.56.3-1 [35.7 kB]
#8 16.39 Get:110 http://deb.debian.org/debian trixie/main amd64 libxft2 amd64 2.3.6-1+b4 [54.5 kB]
#8 16.40 Get:111 http://deb.debian.org/debian trixie/main amd64 libpangoxft-1.0-0 amd64 1.56.3-1 [27.6 kB]
#8 16.41 Get:112 http://deb.debian.org/debian trixie/main amd64 gir1.2-pango-1.0 amd64 1.56.3-1 [39.1 kB]
#8 16.41 Get:113 http://deb.debian.org/debian trixie/main amd64 native-architecture all 0.2.6 [2264 B]
#8 16.52 Get:114 http://deb.debian.org/debian trixie/main amd64 libgirepository-2.0-0 amd64 2.84.4-3~deb13u5 [145 kB]
#8 16.60 Get:115 http://deb.debian.org/debian trixie/main amd64 girepository-tools amd64 2.84.4-3~deb13u5 [152 kB]
#8 16.68 Get:116 http://deb.debian.org/debian trixie/main amd64 libicu76 amd64 76.1-4 [9722 kB]
#8 17.32 Get:117 http://deb.debian.org/debian trixie/main amd64 icu-devtools amd64 76.1-4 [215 kB]
#8 17.32 Get:118 http://deb.debian.org/debian trixie/main amd64 uuid-dev amd64 2.41.5-0+deb13u1 [49.1 kB]
#8 17.33 Get:119 http://deb.debian.org/debian trixie/main amd64 libblkid-dev amd64 2.41.5-0+deb13u1 [209 kB]
#8 17.34 Get:120 http://deb.debian.org/debian trixie/main amd64 libbrotli-dev amd64 1.1.0-2+b7 [316 kB]
#8 17.35 Get:121 http://deb.debian.org/debian trixie/main amd64 libbz2-dev amd64 1.0.8-6 [31.4 kB]
#8 17.35 Get:122 http://deb.debian.org/debian trixie/main amd64 liblzo2-2 amd64 2.10-3+b1 [55.1 kB]
#8 17.35 Get:123 http://deb.debian.org/debian trixie/main amd64 libcairo-script-interpreter2 amd64 1.18.4-1+b1 [59.3 kB]
#8 17.35 Get:124 http://deb.debian.org/debian trixie/main amd64 libexpat1-dev amd64 2.8.3-1~deb13u1 [179 kB]
#8 17.36 Get:125 http://deb.debian.org/debian trixie/main amd64 zlib1g-dev amd64 1:1.3.dfsg+really1.3.1-1+b1 [920 kB]
#8 17.47 Get:126 http://deb.debian.org/debian trixie/main amd64 libpng-dev amd64 1.6.48-1+deb13u5 [367 kB]
#8 17.55 Get:127 http://deb.debian.org/debian trixie/main amd64 libfreetype-dev amd64 2.13.3+dfsg-1+deb13u1 [623 kB]
#8 17.59 Get:128 http://deb.debian.org/debian trixie/main amd64 libpkgconf3 amd64 1.8.1-4 [36.4 kB]
#8 17.59 Get:129 http://deb.debian.org/debian trixie/main amd64 pkgconf-bin amd64 1.8.1-4 [30.2 kB]
#8 17.59 Get:130 http://deb.debian.org/debian trixie/main amd64 pkgconf amd64 1.8.1-4 [26.2 kB]
#8 17.65 Get:131 http://deb.debian.org/debian trixie/main amd64 libfontconfig-dev amd64 2.15.0-2.3 [414 kB]
#8 17.68 Get:132 http://deb.debian.org/debian trixie/main amd64 libffi-dev amd64 3.4.8-2 [61.1 kB]
#8 17.75 Get:133 http://deb.debian.org/debian trixie/main amd64 libsepol-dev amd64 3.8.1-1 [373 kB]
#8 17.85 Get:134 http://deb.debian.org/debian trixie/main amd64 libpcre2-16-0 amd64 10.46-1~deb13u2 [281 kB]
#8 17.93 Get:135 http://deb.debian.org/debian trixie/main amd64 libpcre2-32-0 amd64 10.46-1~deb13u2 [268 kB]
#8 17.95 Get:136 http://deb.debian.org/debian trixie/main amd64 libpcre2-posix3 amd64 10.46-1~deb13u2 [64.0 kB]
#8 18.03 Get:137 http://deb.debian.org/debian trixie/main amd64 libpcre2-dev amd64 10.46-1~deb13u2 [852 kB]
#8 18.42 Get:138 http://deb.debian.org/debian trixie/main amd64 libselinux1-dev amd64 3.8.1-1 [169 kB]
#8 18.48 Get:139 http://deb.debian.org/debian trixie/main amd64 libmount-dev amd64 2.41.5-0+deb13u1 [30.7 kB]
#8 18.48 Get:140 http://deb.debian.org/debian trixie/main amd64 libsysprof-capture-4-dev amd64 48.0-2 [49.9 kB]
#8 18.48 Get:141 http://deb.debian.org/debian trixie/main amd64 libgio-2.0-dev amd64 2.84.4-3~deb13u5 [1692 kB]
#8 18.97 Get:142 http://deb.debian.org/debian trixie/main amd64 libglib2.0-data all 2.84.4-3~deb13u5 [1287 kB]
#8 19.08 Get:143 http://deb.debian.org/debian trixie/main amd64 libelf1t64 amd64 0.192-4 [189 kB]
#8 19.10 Get:144 http://deb.debian.org/debian trixie/main amd64 libglib2.0-bin amd64 2.84.4-3~deb13u5 [132 kB]
#8 19.12 Get:145 http://deb.debian.org/debian trixie/main amd64 python3-packaging all 25.0-1 [56.6 kB]
#8 19.13 Get:146 http://deb.debian.org/debian trixie/main amd64 libgio-2.0-dev-bin amd64 2.84.4-3~deb13u5 [169 kB]
#8 19.14 Get:147 http://deb.debian.org/debian trixie/main amd64 libglib2.0-dev-bin amd64 2.84.4-3~deb13u5 [56.9 kB]
#8 19.15 Get:148 http://deb.debian.org/debian trixie/main amd64 libglib2.0-dev amd64 2.84.4-3~deb13u5 [57.7 kB]
#8 19.16 Get:149 http://deb.debian.org/debian trixie/main amd64 libpixman-1-dev amd64 0.44.0-3 [11.4 kB]
#8 19.17 Get:150 http://deb.debian.org/debian trixie/main amd64 x11-common all 1:7.7+24+deb13u1 [217 kB]
#8 19.18 Get:151 http://deb.debian.org/debian trixie/main amd64 libice6 amd64 2:1.1.1-1 [65.4 kB]
#8 ...

#7 [production  2/11] RUN apt-get update     && apt-get install -y --no-install-recommends         libpq5         libjpeg62-turbo         zlib1g         libcairo2         libpango-1.0-0         libgdk-pixbuf-xlib-2.0-0         libxml2         libxslt1.1         libffi8         curl         netcat-openbsd         gettext     && rm -rf /var/lib/apt/lists/*     && apt-get clean
#7 19.15 Selecting previously unselected package libfreetype6:amd64.
#7 19.15 Preparing to unpack .../25-libfreetype6_2.13.3+dfsg-1+deb13u1_amd64.deb ...
#7 19.18 Unpacking libfreetype6:amd64 (2.13.3+dfsg-1+deb13u1) ...
#7 19.38 Selecting previously unselected package fonts-dejavu-mono.
#7 19.38 Preparing to unpack .../26-fonts-dejavu-mono_2.37-8_all.deb ...
#7 19.39 Unpacking fonts-dejavu-mono (2.37-8) ...
#7 19.62 Selecting previously unselected package fonts-dejavu-core.
#7 19.62 Preparing to unpack .../27-fonts-dejavu-core_2.37-8_all.deb ...
#7 19.67 Unpacking fonts-dejavu-core (2.37-8) ...
#7 19.87 Selecting previously unselected package fontconfig-config.
#7 19.87 Preparing to unpack .../28-fontconfig-config_2.15.0-2.3_amd64.deb ...
#7 19.88 Unpacking fontconfig-config (2.15.0-2.3) ...
#7 19.98 Selecting previously unselected package libfontconfig1:amd64.
#7 19.98 Preparing to unpack .../29-libfontconfig1_2.15.0-2.3_amd64.deb ...
#7 19.99 Unpacking libfontconfig1:amd64 (2.15.0-2.3) ...
#7 20.08 Selecting previously unselected package fontconfig.
#7 20.08 Preparing to unpack .../30-fontconfig_2.15.0-2.3_amd64.deb ...
#7 20.09 Unpacking fontconfig (2.15.0-2.3) ...
#7 20.17 Selecting previously unselected package libgomp1:amd64.
#7 20.17 Preparing to unpack .../31-libgomp1_14.2.0-19_amd64.deb ...
#7 20.17 Unpacking libgomp1:amd64 (14.2.0-19) ...
#7 20.24 Selecting previously unselected package libxml2:amd64.
#7 20.25 Preparing to unpack .../32-libxml2_2.12.7+dfsg+really2.9.14-2.1+deb13u3_amd64.deb ...
#7 20.25 Unpacking libxml2:amd64 (2.12.7+dfsg+really2.9.14-2.1+deb13u3) ...
#7 20.35 Selecting previously unselected package gettext.
#7 20.35 Preparing to unpack .../33-gettext_0.23.1-2_amd64.deb ...
#7 20.35 Unpacking gettext (0.23.1-2) ...
#7 20.58 Selecting previously unselected package libatomic1:amd64.
#7 20.58 Preparing to unpack .../34-libatomic1_14.2.0-19_amd64.deb ...
#7 20.59 Unpacking libatomic1:amd64 (14.2.0-19) ...
#7 20.63 Selecting previously unselected package libpixman-1-0:amd64.
#7 20.63 Preparing to unpack .../35-libpixman-1-0_0.44.0-3_amd64.deb ...
#7 20.64 Unpacking libpixman-1-0:amd64 (0.44.0-3) ...
#7 20.71 Selecting previously unselected package libxau6:amd64.
#7 20.71 Preparing to unpack .../36-libxau6_1%3a1.0.11-1_amd64.deb ...
#7 20.72 Unpacking libxau6:amd64 (1:1.0.11-1) ...
#7 20.77 Selecting previously unselected package libxdmcp6:amd64.
#7 20.77 Preparing to unpack .../37-libxdmcp6_1%3a1.1.5-1_amd64.deb ...
#7 20.78 Unpacking libxdmcp6:amd64 (1:1.1.5-1) ...
#7 20.82 Selecting previously unselected package libxcb1:amd64.
#7 20.82 Preparing to unpack .../38-libxcb1_1.17.0-2+b1_amd64.deb ...
#7 20.83 Unpacking libxcb1:amd64 (1.17.0-2+b1) ...
#7 20.87 Selecting previously unselected package libx11-data.
#7 20.87 Preparing to unpack .../39-libx11-data_2%3a1.8.12-1_all.deb ...
#7 20.88 Unpacking libx11-data (2:1.8.12-1) ...
#7 20.98 Selecting previously unselected package libx11-6:amd64.
#7 20.98 Preparing to unpack .../40-libx11-6_2%3a1.8.12-1_amd64.deb ...
#7 20.98 Unpacking libx11-6:amd64 (2:1.8.12-1) ...
#7 21.08 Selecting previously unselected package libxcb-render0:amd64.
#7 21.09 Preparing to unpack .../41-libxcb-render0_1.17.0-2+b1_amd64.deb ...
#7 21.09 Unpacking libxcb-render0:amd64 (1.17.0-2+b1) ...
#7 21.17 Selecting previously unselected package libxcb-shm0:amd64.
#7 21.17 Preparing to unpack .../42-libxcb-shm0_1.17.0-2+b1_amd64.deb ...
#7 21.18 Unpacking libxcb-shm0:amd64 (1.17.0-2+b1) ...
#7 21.24 Selecting previously unselected package libxext6:amd64.
#7 21.24 Preparing to unpack .../43-libxext6_2%3a1.3.4-1+b3_amd64.deb ...
#7 21.25 Unpacking libxext6:amd64 (2:1.3.4-1+b3) ...
#7 21.33 Selecting previously unselected package libxrender1:amd64.
#7 21.33 Preparing to unpack .../44-libxrender1_1%3a0.9.12-1_amd64.deb ...
#7 21.33 Unpacking libxrender1:amd64 (1:0.9.12-1) ...
#7 21.42 Selecting previously unselected package libcairo2:amd64.
#7 21.42 Preparing to unpack .../45-libcairo2_1.18.4-1+b1_amd64.deb ...
#7 21.43 Unpacking libcairo2:amd64 (1.18.4-1+b1) ...
#7 21.57 Selecting previously unselected package libdatrie1:amd64.
#7 21.57 Preparing to unpack .../46-libdatrie1_0.2.13-3+b1_amd64.deb ...
#7 21.59 Unpacking libdatrie1:amd64 (0.2.13-3+b1) ...
#7 21.67 Selecting previously unselected package libdeflate0:amd64.
#7 21.67 Preparing to unpack .../47-libdeflate0_1.23-2_amd64.deb ...
#7 21.68 Unpacking libdeflate0:amd64 (1.23-2) ...
#7 21.77 Selecting previously unselected package libfribidi0:amd64.
#7 21.78 Preparing to unpack .../48-libfribidi0_1.0.16-1_amd64.deb ...
#7 21.78 Unpacking libfribidi0:amd64 (1.0.16-1) ...
#7 21.95 Selecting previously unselected package libgpg-error0:amd64.
#7 21.95 Preparing to unpack .../49-libgpg-error0_1.51-4_amd64.deb ...
#7 21.96 Unpacking libgpg-error0:amd64 (1.51-4) ...
#7 22.03 Selecting previously unselected package libgcrypt20:amd64.
#7 22.04 Preparing to unpack .../50-libgcrypt20_1.11.0-7+deb13u1_amd64.deb ...
#7 22.04 Unpacking libgcrypt20:amd64 (1.11.0-7+deb13u1) ...
#7 22.14 Selecting previously unselected package libgdk-pixbuf2.0-common.
#7 22.14 Preparing to unpack .../51-libgdk-pixbuf2.0-common_2.42.12+dfsg-4+deb13u1_all.deb ...
#7 22.15 Unpacking libgdk-pixbuf2.0-common (2.42.12+dfsg-4+deb13u1) ...
#7 22.25 Selecting previously unselected package libglib2.0-0t64:amd64.
#7 22.25 Preparing to unpack .../52-libglib2.0-0t64_2.84.4-3~deb13u5_amd64.deb ...
#7 22.27 Unpacking libglib2.0-0t64:amd64 (2.84.4-3~deb13u5) ...
#7 22.57 Selecting previously unselected package shared-mime-info.
#7 22.57 Preparing to unpack .../53-shared-mime-info_2.4-5+b2_amd64.deb ...
#7 22.57 Unpacking shared-mime-info (2.4-5+b2) ...
#7 22.71 Selecting previously unselected package libjpeg62-turbo:amd64.
#7 22.71 Preparing to unpack .../54-libjpeg62-turbo_1%3a2.1.5-4_amd64.deb ...
#7 22.72 Unpacking libjpeg62-turbo:amd64 (1:2.1.5-4) ...
#7 22.77 Selecting previously unselected package libjbig0:amd64.
#7 22.77 Preparing to unpack .../55-libjbig0_2.1-6.1+b2_amd64.deb ...
#7 22.77 Unpacking libjbig0:amd64 (2.1-6.1+b2) ...
#7 22.83 Selecting previously unselected package liblerc4:amd64.
#7 22.83 Preparing to unpack .../56-liblerc4_4.0.0+ds-5_amd64.deb ...
#7 22.83 Unpacking liblerc4:amd64 (4.0.0+ds-5) ...
#7 22.90 Selecting previously unselected package libsharpyuv0:amd64.
#7 22.90 Preparing to unpack .../57-libsharpyuv0_1.5.0-0.1_amd64.deb ...
#7 22.91 Unpacking libsharpyuv0:amd64 (1.5.0-0.1) ...
#7 22.96 Selecting previously unselected package libwebp7:amd64.
#7 22.96 Preparing to unpack .../58-libwebp7_1.5.0-0.1_amd64.deb ...
#7 22.96 Unpacking libwebp7:amd64 (1.5.0-0.1) ...
#7 23.07 Selecting previously unselected package libtiff6:amd64.
#7 23.07 Preparing to unpack .../59-libtiff6_4.7.0-3+deb13u3_amd64.deb ...
#7 23.10 Unpacking libtiff6:amd64 (4.7.0-3+deb13u3) ...
#7 23.19 Selecting previously unselected package libgdk-pixbuf-2.0-0:amd64.
#7 23.19 Preparing to unpack .../60-libgdk-pixbuf-2.0-0_2.42.12+dfsg-4+deb13u1_amd64.deb ...
#7 23.19 Unpacking libgdk-pixbuf-2.0-0:amd64 (2.42.12+dfsg-4+deb13u1) ...
#7 23.25 Selecting previously unselected package libgdk-pixbuf-xlib-2.0-0:amd64.
#7 23.25 Preparing to unpack .../61-libgdk-pixbuf-xlib-2.0-0_2.40.2-5_amd64.deb ...
#7 23.25 Unpacking libgdk-pixbuf-xlib-2.0-0:amd64 (2.40.2-5) ...
#7 23.29 Selecting previously unselected package libgraphite2-3:amd64.
#7 23.29 Preparing to unpack .../62-libgraphite2-3_1.3.14-2+deb13u1_amd64.deb ...
#7 23.30 Unpacking libgraphite2-3:amd64 (1.3.14-2+deb13u1) ...
#7 23.35 Selecting previously unselected package libharfbuzz0b:amd64.
#7 23.35 Preparing to unpack .../63-libharfbuzz0b_10.2.0-1+deb13u1_amd64.deb ...
#7 23.36 Unpacking libharfbuzz0b:amd64 (10.2.0-1+deb13u1) ...
#7 23.57 Selecting previously unselected package libthai-data.
#7 23.57 Preparing to unpack .../64-libthai-data_0.1.29-2_all.deb ...
#7 23.58 Unpacking libthai-data (0.1.29-2) ...
#7 23.65 Selecting previously unselected package libthai0:amd64.
#7 23.65 Preparing to unpack .../65-libthai0_0.1.29-2+b1_amd64.deb ...
#7 23.65 Unpacking libthai0:amd64 (0.1.29-2+b1) ...
#7 23.69 Selecting previously unselected package libpango-1.0-0:amd64.
#7 23.69 Preparing to unpack .../66-libpango-1.0-0_1.56.3-1_amd64.deb ...
#7 23.71 Unpacking libpango-1.0-0:amd64 (1.56.3-1) ...
#7 23.75 Selecting previously unselected package libpq5:amd64.
#7 23.75 Preparing to unpack .../67-libpq5_17.11-0+deb13u1_amd64.deb ...
#7 23.76 Unpacking libpq5:amd64 (17.11-0+deb13u1) ...
#7 23.83 Selecting previously unselected package libxslt1.1:amd64.
#7 23.83 Preparing to unpack .../68-libxslt1.1_1.1.35-1.2+deb13u3_amd64.deb ...
#7 23.84 Unpacking libxslt1.1:amd64 (1.1.35-1.2+deb13u3) ...
#7 23.90 Selecting previously unselected package netcat-openbsd.
#7 23.90 Preparing to unpack .../69-netcat-openbsd_1.229-1_amd64.deb ...
#7 23.91 Unpacking netcat-openbsd (1.229-1) ...
#7 23.96 Setting up libexpat1:amd64 (2.8.3-1~deb13u1) ...
#7 23.98 Setting up libgraphite2-3:amd64 (1.3.14-2+deb13u1) ...
#7 23.99 Setting up libpixman-1-0:amd64 (0.44.0-3) ...
#7 24.00 Setting up libsharpyuv0:amd64 (1.5.0-0.1) ...
#7 24.02 Setting up libxau6:amd64 (1:1.0.11-1) ...
#7 24.03 Setting up libxdmcp6:amd64 (1:1.1.5-1) ...
#7 24.04 Setting up libkeyutils1:amd64 (1.6.3-6) ...
#7 24.05 Setting up libxcb1:amd64 (1.17.0-2+b1) ...
#7 24.07 Setting up liblerc4:amd64 (4.0.0+ds-5) ...
#7 24.09 Setting up libgpg-error0:amd64 (1.51-4) ...
#7 24.10 Setting up libdatrie1:amd64 (0.2.13-3+b1) ...
#7 24.12 Setting up libxcb-render0:amd64 (1.17.0-2+b1) ...
#7 24.13 Setting up libbrotli1:amd64 (1.1.0-2+b7) ...
#7 24.15 Setting up libgdk-pixbuf2.0-common (2.42.12+dfsg-4+deb13u1) ...
#7 24.16 Setting up netcat-openbsd (1.229-1) ...
#7 24.19 update-alternatives: using /bin/nc.openbsd to provide /bin/nc (nc) in auto mode
#7 24.19 update-alternatives: warning: skip creation of /usr/share/man/man1/nc.1.gz because associated file /usr/share/man/man1/nc_openbsd.1.gz (of link group nc) doesn't exist
#7 24.19 update-alternatives: warning: skip creation of /usr/share/man/man1/netcat.1.gz because associated file /usr/share/man/man1/nc_openbsd.1.gz (of link group nc) doesn't exist
#7 24.20 Setting up libnghttp2-14:amd64 (1.64.0-1.1+deb13u1) ...
#7 24.21 Setting up libdeflate0:amd64 (1.23-2) ...
#7 24.22 Setting up gettext-base (0.23.1-2) ...
#7 24.24 Setting up libgcrypt20:amd64 (1.11.0-7+deb13u1) ...
#7 24.26 Setting up libxcb-shm0:amd64 (1.17.0-2+b1) ...
#7 24.27 Setting up libcom-err2:amd64 (1.47.2-3+b12) ...
#7 24.29 Setting up libgomp1:amd64 (14.2.0-19) ...
#7 24.31 Setting up libjbig0:amd64 (2.1-6.1+b2) ...
#7 24.32 Setting up libkrb5support0:amd64 (1.21.3-5+deb13u1) ...
#7 24.34 Setting up libsasl2-modules-db:amd64 (2.1.28+dfsg1-9) ...
#7 24.35 Setting up libjpeg62-turbo:amd64 (1:2.1.5-4) ...
#7 24.37 Setting up libx11-data (2:1.8.12-1) ...
#7 24.39 Setting up libfribidi0:amd64 (1.0.16-1) ...
#7 24.41 Setting up libp11-kit0:amd64 (0.25.5-3) ...
#7 24.48 Setting up libunistring5:amd64 (1.3-2) ...
#7 24.63 Setting up fonts-dejavu-mono (2.37-8) ...
#7 24.82 Setting up libpng16-16t64:amd64 (1.6.48-1+deb13u5) ...
#7 24.86 Setting up libatomic1:amd64 (14.2.0-19) ...
#7 24.90 Setting up fonts-dejavu-core (2.37-8) ...
#7 25.14 Setting up libk5crypto3:amd64 (1.21.3-5+deb13u1) ...
#7 25.30 Setting up libsasl2-2:amd64 (2.1.28+dfsg1-9) ...
#7 25.34 Setting up libnghttp3-9:amd64 (1.8.0-1) ...
#7 25.38 Setting up libwebp7:amd64 (1.5.0-0.1) ...
#7 25.41 Setting up libtiff6:amd64 (4.7.0-3+deb13u3) ...
#7 25.42 Setting up libtasn1-6:amd64 (4.20.0-2+deb13u1) ...
#7 25.45 Setting up libx11-6:amd64 (2:1.8.12-1) ...
#7 25.48 Setting up libthai-data (0.1.29-2) ...
#7 25.50 Setting up libkrb5-3:amd64 (1.21.3-5+deb13u1) ...
#7 25.52 Setting up libssh2-1t64:amd64 (1.11.1-1+deb13u2) ...
#7 25.55 Setting up libxml2:amd64 (2.12.7+dfsg+really2.9.14-2.1+deb13u3) ...
#7 25.58 Setting up libldap2:amd64 (2.6.10+dfsg-1) ...
#7 25.63 Setting up gettext (0.23.1-2) ...
#7 25.64 Setting up libxrender1:amd64 (1:0.9.12-1) ...
#7 25.66 Setting up fontconfig-config (2.15.0-2.3) ...
#7 25.78 debconf: unable to initialize frontend: Dialog
#7 25.78 debconf: (TERM is not set, so the dialog frontend is not usable.)
#7 25.78 debconf: falling back to frontend: Readline
#7 25.78 debconf: unable to initialize frontend: Readline
#7 25.78 debconf: (Can't locate Term/ReadLine.pm in @INC (you may need to install the Term::ReadLine module) (@INC entries checked: /etc/perl /usr/local/lib/x86_64-linux-gnu/perl/5.40.1 /usr/local/share/perl/5.40.1 /usr/lib/x86_64-linux-gnu/perl5/5.40 /usr/share/perl5 /usr/lib/x86_64-linux-gnu/perl-base /usr/lib/x86_64-linux-gnu/perl/5.40 /usr/share/perl/5.40 /usr/local/lib/site_perl) at /usr/share/perl5/Debconf/FrontEnd/Readline.pm line 8.)
#7 25.78 debconf: falling back to frontend: Teletype
#7 25.79 debconf: unable to initialize frontend: Teletype
#7 25.79 debconf: (This frontend requires a controlling tty.)
#7 25.79 debconf: falling back to frontend: Noninteractive
#7 25.85 Setting up libxext6:amd64 (2:1.3.4-1+b3) ...
#7 25.86 Setting up libidn2-0:amd64 (2.3.8-2) ...
#7 25.87 Setting up libthai0:amd64 (0.1.29-2+b1) ...
#7 25.89 Setting up libglib2.0-0t64:amd64 (2.84.4-3~deb13u5) ...
#7 25.90 No schema files found: doing nothing.
#7 25.91 Setting up libfreetype6:amd64 (2.13.3+dfsg-1+deb13u1) ...
#7 25.92 Setting up shared-mime-info (2.4-5+b2) ...
#7 28.12 Setting up libgssapi-krb5-2:amd64 (1.21.3-5+deb13u1) ...
#7 28.14 Setting up libxslt1.1:amd64 (1.1.35-1.2+deb13u3) ...
#7 28.15 Setting up libharfbuzz0b:amd64 (10.2.0-1+deb13u1) ...
#7 28.16 Setting up libgdk-pixbuf-2.0-0:amd64 (2.42.12+dfsg-4+deb13u1) ...
#7 28.18 Setting up libfontconfig1:amd64 (2.15.0-2.3) ...
#7 28.19 Setting up libgnutls30t64:amd64 (3.8.9-3+deb13u4) ...
#7 28.20 Setting up fontconfig (2.15.0-2.3) ...
#7 28.22 Regenerating fonts cache... 
#7 ...

#8 [builder 2/7] RUN apt-get update     && apt-get install -y --no-install-recommends         build-essential         libpq-dev         libjpeg-dev         zlib1g-dev         libcairo2-dev         libpango1.0-dev         libgdk-pixbuf-xlib-2.0-dev         libxml2-dev         libxslt1-dev         libffi-dev         pkg-config         gcc         g++     && rm -rf /var/lib/apt/lists/*
#8 19.19 Get:152 http://deb.debian.org/debian trixie/main amd64 libsm6 amd64 2:1.2.6-1 [37.3 kB]
#8 19.20 Get:153 http://deb.debian.org/debian trixie/main amd64 xorg-sgml-doctools all 1:1.11-1.1 [22.1 kB]
#8 19.26 Get:154 http://deb.debian.org/debian trixie/main amd64 x11proto-dev all 2024.1-1 [603 kB]
#8 19.40 Get:155 http://deb.debian.org/debian trixie/main amd64 libice-dev amd64 2:1.1.1-1 [73.8 kB]
#8 19.50 Get:156 http://deb.debian.org/debian trixie/main amd64 libsm-dev amd64 2:1.2.6-1 [39.7 kB]
#8 19.50 Get:157 http://deb.debian.org/debian trixie/main amd64 libxau-dev amd64 1:1.0.11-1 [23.6 kB]
#8 19.51 Get:158 http://deb.debian.org/debian trixie/main amd64 libxdmcp-dev amd64 1:1.1.5-1 [44.3 kB]
#8 19.53 Get:159 http://deb.debian.org/debian trixie/main amd64 xtrans-dev all 1.4.0-1 [98.7 kB]
#8 19.55 Get:160 http://deb.debian.org/debian trixie/main amd64 libxcb1-dev amd64 1.17.0-2+b1 [181 kB]
#8 19.58 Get:161 http://deb.debian.org/debian trixie/main amd64 libx11-dev amd64 2:1.8.12-1 [894 kB]
#8 19.65 Get:162 http://deb.debian.org/debian trixie/main amd64 libxcb-render0-dev amd64 1.17.0-2+b1 [118 kB]
#8 19.65 Get:163 http://deb.debian.org/debian trixie/main amd64 libxcb-shm0-dev amd64 1.17.0-2+b1 [108 kB]
#8 19.66 Get:164 http://deb.debian.org/debian trixie/main amd64 libxext-dev amd64 2:1.3.4-1+b3 [104 kB]
#8 19.67 Get:165 http://deb.debian.org/debian trixie/main amd64 libxrender-dev amd64 1:0.9.12-1 [39.0 kB]
#8 19.67 Get:166 http://deb.debian.org/debian trixie/main amd64 libcairo2-dev amd64 1.18.4-1+b1 [43.4 kB]
#8 19.68 Get:167 http://deb.debian.org/debian trixie/main amd64 libcom-err2 amd64 1.47.2-3+b12 [25.0 kB]
#8 19.69 Get:168 http://deb.debian.org/debian trixie/main amd64 libdatrie-dev amd64 0.2.13-3+b1 [18.4 kB]
#8 19.69 Get:169 http://deb.debian.org/debian trixie/main amd64 libdeflate-dev amd64 1.23-2 [55.9 kB]
#8 19.70 Get:170 http://deb.debian.org/debian trixie/main amd64 libfribidi-dev amd64 1.0.16-1 [65.9 kB]
#8 19.74 Get:171 http://deb.debian.org/debian trixie/main amd64 libgpg-error0 amd64 1.51-4 [82.1 kB]
#8 19.76 Get:172 http://deb.debian.org/debian trixie/main amd64 libgcrypt20 amd64 1.11.0-7+deb13u1 [843 kB]
#8 19.91 Get:173 http://deb.debian.org/debian trixie/main amd64 libgdk-pixbuf2.0-bin amd64 2.42.12+dfsg-4+deb13u1 [18.9 kB]
#8 19.92 Get:174 http://deb.debian.org/debian trixie/main amd64 libjpeg62-turbo-dev amd64 1:2.1.5-4 [292 kB]
#8 19.95 Get:175 http://deb.debian.org/debian trixie/main amd64 libjpeg-dev amd64 1:2.1.5-4 [72.2 kB]
#8 19.96 Get:176 http://deb.debian.org/debian trixie/main amd64 libjbig-dev amd64 2.1-6.1+b2 [31.4 kB]
#8 19.96 Get:177 http://deb.debian.org/debian trixie/main amd64 liblzma-dev amd64 5.8.1-1+deb13u1 [348 kB]
#8 20.02 Get:178 http://deb.debian.org/debian trixie/main amd64 libzstd-dev amd64 1.5.7+dfsg-1 [371 kB]
#8 20.11 Get:179 http://deb.debian.org/debian trixie/main amd64 libwebpdemux2 amd64 1.5.0-0.1 [113 kB]
#8 20.12 Get:180 http://deb.debian.org/debian trixie/main amd64 libwebpmux3 amd64 1.5.0-0.1 [126 kB]
#8 20.20 Get:181 http://deb.debian.org/debian trixie/main amd64 libwebpdecoder3 amd64 1.5.0-0.1 [208 kB]
#8 20.29 Get:182 http://deb.debian.org/debian trixie/main amd64 libsharpyuv-dev amd64 1.5.0-0.1 [120 kB]
#8 20.37 Get:183 http://deb.debian.org/debian trixie/main amd64 libwebp-dev amd64 1.5.0-0.1 [450 kB]
#8 20.46 Get:184 http://deb.debian.org/debian trixie/main amd64 libtiffxx6 amd64 4.7.0-3+deb13u3 [164 kB]
#8 20.55 Get:185 http://deb.debian.org/debian trixie/main amd64 liblerc-dev amd64 4.0.0+ds-5 [183 kB]
#8 20.64 Get:186 http://deb.debian.org/debian trixie/main amd64 libtiff-dev amd64 4.7.0-3+deb13u3 [488 kB]
#8 20.67 Get:187 http://deb.debian.org/debian trixie/main amd64 libgdk-pixbuf-2.0-dev amd64 2.42.12+dfsg-4+deb13u1 [52.9 kB]
#8 20.68 Get:188 http://deb.debian.org/debian trixie/main amd64 libgdk-pixbuf-xlib-2.0-0 amd64 2.40.2-5 [40.6 kB]
#8 20.68 Get:189 http://deb.debian.org/debian trixie/main amd64 libgdk-pixbuf-xlib-2.0-dev amd64 2.40.2-5 [7556 B]
#8 20.68 Get:190 http://deb.debian.org/debian trixie/main amd64 libgraphite2-dev amd64 1.3.14-2+deb13u1 [20.1 kB]
#8 20.68 Get:191 http://deb.debian.org/debian trixie/main amd64 libkrb5support0 amd64 1.21.3-5+deb13u1 [33.1 kB]
#8 20.68 Get:192 http://deb.debian.org/debian trixie/main amd64 libk5crypto3 amd64 1.21.3-5+deb13u1 [81.2 kB]
#8 20.69 Get:193 http://deb.debian.org/debian trixie/main amd64 libkeyutils1 amd64 1.6.3-6 [9456 B]
#8 20.69 Get:194 http://deb.debian.org/debian trixie/main amd64 libkrb5-3 amd64 1.21.3-5+deb13u1 [326 kB]
#8 20.74 Get:195 http://deb.debian.org/debian trixie/main amd64 libgssapi-krb5-2 amd64 1.21.3-5+deb13u1 [138 kB]
#8 20.76 Get:196 http://deb.debian.org/debian trixie/main amd64 libharfbuzz-cairo0 amd64 10.2.0-1+deb13u1 [45.6 kB]
#8 20.76 Get:197 http://deb.debian.org/debian trixie/main amd64 libharfbuzz-icu0 amd64 10.2.0-1+deb13u1 [15.5 kB]
#8 20.84 Get:198 http://deb.debian.org/debian trixie/main amd64 libharfbuzz-subset0 amd64 10.2.0-1+deb13u1 [560 kB]
#8 20.94 Get:199 http://deb.debian.org/debian trixie/main amd64 libicu-dev amd64 76.1-4 [10.8 MB]
#8 21.80 Get:200 http://deb.debian.org/debian trixie/main amd64 libharfbuzz-dev amd64 10.2.0-1+deb13u1 [145 kB]
#8 21.81 Get:201 http://deb.debian.org/debian trixie/main amd64 libsasl2-modules-db amd64 2.1.28+dfsg1-9 [19.8 kB]
#8 21.81 Get:202 http://deb.debian.org/debian trixie/main amd64 libsasl2-2 amd64 2.1.28+dfsg1-9 [57.5 kB]
#8 21.82 Get:203 http://deb.debian.org/debian trixie/main amd64 libldap2 amd64 2.6.10+dfsg-1 [194 kB]
#8 21.89 Get:204 http://deb.debian.org/debian trixie/main amd64 libthai-dev amd64 0.1.29-2+b1 [24.5 kB]
#8 21.89 Get:205 http://deb.debian.org/debian trixie/main amd64 libxft-dev amd64 2.3.6-1+b4 [73.2 kB]
#8 21.89 Get:206 http://deb.debian.org/debian trixie/main amd64 pango1.0-tools amd64 1.56.3-1 [44.3 kB]
#8 21.89 Get:207 http://deb.debian.org/debian trixie/main amd64 libpango1.0-dev amd64 1.56.3-1 [156 kB]
#8 21.89 Get:208 http://deb.debian.org/debian trixie/main amd64 libpq5 amd64 17.11-0+deb13u1 [237 kB]
#8 21.91 Get:209 http://deb.debian.org/debian trixie/main amd64 libssl-dev amd64 3.5.7-1~deb13u2 [2965 kB]
#8 22.05 Get:210 http://deb.debian.org/debian trixie/main amd64 libpq-dev amd64 17.11-0+deb13u1 [159 kB]
#8 22.13 Get:211 http://deb.debian.org/debian trixie/main amd64 libxml2-dev amd64 2.12.7+dfsg+really2.9.14-2.1+deb13u3 [795 kB]
#8 22.23 Get:212 http://deb.debian.org/debian trixie/main amd64 libxslt1.1 amd64 1.1.35-1.2+deb13u3 [233 kB]
#8 22.32 Get:213 http://deb.debian.org/debian trixie/main amd64 libxslt1-dev amd64 1.1.35-1.2+deb13u3 [346 kB]
#8 22.35 Get:214 http://deb.debian.org/debian trixie/main amd64 pkg-config amd64 1.8.1-4 [14.0 kB]
#8 22.65 debconf: unable to initialize frontend: Dialog
#8 22.65 debconf: (TERM is not set, so the dialog frontend is not usable.)
#8 22.65 debconf: falling back to frontend: Readline
#8 22.65 debconf: unable to initialize frontend: Readline
#8 22.65 debconf: (Can't locate Term/ReadLine.pm in @INC (you may need to install the Term::ReadLine module) (@INC entries checked: /etc/perl /usr/local/lib/x86_64-linux-gnu/perl/5.40.1 /usr/local/share/perl/5.40.1 /usr/lib/x86_64-linux-gnu/perl5/5.40 /usr/share/perl5 /usr/lib/x86_64-linux-gnu/perl-base /usr/lib/x86_64-linux-gnu/perl/5.40 /usr/share/perl/5.40 /usr/local/lib/site_perl) at /usr/share/perl5/Debconf/FrontEnd/Readline.pm line 8, <STDIN> line 214.)
#8 22.65 debconf: falling back to frontend: Teletype
#8 22.66 debconf: unable to initialize frontend: Teletype
#8 22.66 debconf: (This frontend requires a controlling tty.)
#8 22.66 debconf: falling back to frontend: Noninteractive
#8 ...

#7 [production  2/11] RUN apt-get update     && apt-get install -y --no-install-recommends         libpq5         libjpeg62-turbo         zlib1g         libcairo2         libpango-1.0-0         libgdk-pixbuf-xlib-2.0-0         libxml2         libxslt1.1         libffi8         curl         netcat-openbsd         gettext     && rm -rf /var/lib/apt/lists/*     && apt-get clean
#7 28.22 Regenerating fonts cache... done.
#7 30.23 Setting up libgdk-pixbuf-xlib-2.0-0:amd64 (2.40.2-5) ...
#7 30.24 Setting up libpango-1.0-0:amd64 (1.56.3-1) ...
#7 30.26 Setting up libpsl5t64:amd64 (0.21.2-1.1+b1) ...
#7 30.26 Setting up libpq5:amd64 (17.11-0+deb13u1) ...
#7 30.27 Setting up libcairo2:amd64 (1.18.4-1+b1) ...
#7 30.28 Setting up librtmp1:amd64 (2.4+20151223.gitfa8646d.1-2+b5) ...
#7 30.29 Setting up libcurl4t64:amd64 (8.14.1-2+deb13u5) ...
#7 30.30 Setting up curl (8.14.1-2+deb13u5) ...
#7 30.31 Processing triggers for libc-bin (2.41-12+deb13u4) ...
#7 DONE 30.4s

#8 [builder 2/7] RUN apt-get update     && apt-get install -y --no-install-recommends         build-essential         libpq-dev         libjpeg-dev         zlib1g-dev         libcairo2-dev         libpango1.0-dev         libgdk-pixbuf-xlib-2.0-dev         libxml2-dev         libxslt1-dev         libffi-dev         pkg-config         gcc         g++     && rm -rf /var/lib/apt/lists/*
#8 30.37 Preconfiguring packages ...
#8 30.45 Fetched 146 MB in 14s (10.3 MB/s)
#8 30.47 Selecting previously unselected package libexpat1:amd64.
#8 30.47 (Reading database ... 
(Reading database ... 5%
(Reading database ... 10%
(Reading database ... 15%
(Reading database ... 20%
(Reading database ... 25%
(Reading database ... 30%
(Reading database ... 35%
(Reading database ... 40%
(Reading database ... 45%
(Reading database ... 50%
(Reading database ... 55%
(Reading database ... 60%
(Reading database ... 65%
(Reading database ... 70%
(Reading database ... 75%
(Reading database ... 80%
(Reading database ... 85%
(Reading database ... 90%
(Reading database ... 95%
(Reading database ... 100%
(Reading database ... 5660 files and directories currently installed.)
#8 30.48 Preparing to unpack .../libexpat1_2.8.3-1~deb13u1_amd64.deb ...
#8 30.49 Unpacking libexpat1:amd64 (2.8.3-1~deb13u1) ...
#8 30.53 Selecting previously unselected package libpython3.13-minimal:amd64.
#8 30.53 Preparing to unpack .../libpython3.13-minimal_3.13.5-2+deb13u5_amd64.deb ...
#8 30.53 Unpacking libpython3.13-minimal:amd64 (3.13.5-2+deb13u5) ...
#8 30.63 Selecting previously unselected package python3.13-minimal.
#8 30.63 Preparing to unpack .../python3.13-minimal_3.13.5-2+deb13u5_amd64.deb ...
#8 30.64 Unpacking python3.13-minimal (3.13.5-2+deb13u5) ...
#8 30.79 Setting up libpython3.13-minimal:amd64 (3.13.5-2+deb13u5) ...
#8 30.81 Setting up libexpat1:amd64 (2.8.3-1~deb13u1) ...
#8 30.82 Setting up python3.13-minimal (3.13.5-2+deb13u5) ...
#8 31.84 Selecting previously unselected package python3-minimal.
#8 31.84 (Reading database ... 
(Reading database ... 5%
(Reading database ... 10%
(Reading database ... 15%
(Reading database ... 20%
(Reading database ... 25%
(Reading database ... 30%
(Reading database ... 35%
(Reading database ... 40%
(Reading database ... 45%
(Reading database ... 50%
(Reading database ... 55%
(Reading database ... 60%
(Reading database ... 65%
(Reading database ... 70%
(Reading database ... 75%
(Reading database ... 80%
(Reading database ... 85%
(Reading database ... 90%
(Reading database ... 95%
(Reading database ... 100%
(Reading database ... 5994 files and directories currently installed.)
#8 31.84 Preparing to unpack .../python3-minimal_3.13.5-1_amd64.deb ...
#8 31.85 Unpacking python3-minimal (3.13.5-1) ...
#8 31.88 Selecting previously unselected package media-types.
#8 31.88 Preparing to unpack .../media-types_13.0.0_all.deb ...
#8 31.89 Unpacking media-types (13.0.0) ...
#8 31.92 Selecting previously unselected package libpython3.13-stdlib:amd64.
#8 31.92 Preparing to unpack .../libpython3.13-stdlib_3.13.5-2+deb13u5_amd64.deb ...
#8 31.92 Unpacking libpython3.13-stdlib:amd64 (3.13.5-2+deb13u5) ...
#8 32.07 Selecting previously unselected package python3.13.
#8 32.07 Preparing to unpack .../python3.13_3.13.5-2+deb13u5_amd64.deb ...
#8 32.08 Unpacking python3.13 (3.13.5-2+deb13u5) ...
#8 32.12 Selecting previously unselected package libpython3-stdlib:amd64.
#8 32.12 Preparing to unpack .../libpython3-stdlib_3.13.5-1_amd64.deb ...
#8 32.12 Unpacking libpython3-stdlib:amd64 (3.13.5-1) ...
#8 32.16 Setting up python3-minimal (3.13.5-1) ...
#8 32.36 Selecting previously unselected package python3.
#8 32.36 (Reading database ... 
(Reading database ... 5%
(Reading database ... 10%
(Reading database ... 15%
(Reading database ... 20%
(Reading database ... 25%
(Reading database ... 30%
(Reading database ... 35%
(Reading database ... 40%
(Reading database ... 45%
(Reading database ... 50%
(Reading database ... 55%
(Reading database ... 60%
(Reading database ... 65%
(Reading database ... 70%
(Reading database ... 75%
(Reading database ... 80%
(Reading database ... 85%
(Reading database ... 90%
(Reading database ... 95%
(Reading database ... 100%
(Reading database ... 6448 files and directories currently installed.)
#8 32.36 Preparing to unpack .../000-python3_3.13.5-1_amd64.deb ...
#8 32.37 Unpacking python3 (3.13.5-1) ...
#8 32.40 Selecting previously unselected package bzip2.
#8 32.40 Preparing to unpack .../001-bzip2_1.0.8-6_amd64.deb ...
#8 32.41 Unpacking bzip2 (1.0.8-6) ...
#8 32.44 Selecting previously unselected package perl-modules-5.40.
#8 32.44 Preparing to unpack .../002-perl-modules-5.40_5.40.1-6+deb13u1_all.deb ...
#8 32.44 Unpacking perl-modules-5.40 (5.40.1-6+deb13u1) ...
#8 32.74 Selecting previously unselected package libgdbm-compat4t64:amd64.
#8 32.74 Preparing to unpack .../003-libgdbm-compat4t64_1.24-2_amd64.deb ...
#8 32.75 Unpacking libgdbm-compat4t64:amd64 (1.24-2) ...
#8 32.79 Selecting previously unselected package libperl5.40:amd64.
#8 32.79 Preparing to unpack .../004-libperl5.40_5.40.1-6+deb13u1_amd64.deb ...
#8 32.79 Unpacking libperl5.40:amd64 (5.40.1-6+deb13u1) ...
#8 33.22 Selecting previously unselected package perl.
#8 33.22 Preparing to unpack .../005-perl_5.40.1-6+deb13u1_amd64.deb ...
#8 33.23 Unpacking perl (5.40.1-6+deb13u1) ...
#8 33.28 Selecting previously unselected package xz-utils.
#8 33.28 Preparing to unpack .../006-xz-utils_5.8.1-1+deb13u1_amd64.deb ...
#8 33.28 Unpacking xz-utils (5.8.1-1+deb13u1) ...
#8 33.34 Selecting previously unselected package libsframe1:amd64.
#8 33.34 Preparing to unpack .../007-libsframe1_2.44-3_amd64.deb ...
#8 33.35 Unpacking libsframe1:amd64 (2.44-3) ...
#8 33.39 Selecting previously unselected package binutils-common:amd64.
#8 33.39 Preparing to unpack .../008-binutils-common_2.44-3_amd64.deb ...
#8 33.39 Unpacking binutils-common:amd64 (2.44-3) ...
#8 33.63 Selecting previously unselected package libbinutils:amd64.
#8 33.63 Preparing to unpack .../009-libbinutils_2.44-3_amd64.deb ...
#8 33.63 Unpacking libbinutils:amd64 (2.44-3) ...
#8 33.70 Selecting previously unselected package libgprofng0:amd64.
#8 33.70 Preparing to unpack .../010-libgprofng0_2.44-3_amd64.deb ...
#8 33.70 Unpacking libgprofng0:amd64 (2.44-3) ...
#8 33.78 Selecting previously unselected package libctf-nobfd0:amd64.
#8 33.78 Preparing to unpack .../011-libctf-nobfd0_2.44-3_amd64.deb ...
#8 33.79 Unpacking libctf-nobfd0:amd64 (2.44-3) ...
#8 33.82 Selecting previously unselected package libctf0:amd64.
#8 33.83 Preparing to unpack .../012-libctf0_2.44-3_amd64.deb ...
#8 33.83 Unpacking libctf0:amd64 (2.44-3) ...
#8 33.87 Selecting previously unselected package libjansson4:amd64.
#8 33.87 Preparing to unpack .../013-libjansson4_2.14-2+b3_amd64.deb ...
#8 33.87 Unpacking libjansson4:amd64 (2.14-2+b3) ...
#8 33.90 Selecting previously unselected package binutils-x86-64-linux-gnu.
#8 33.90 Preparing to unpack .../014-binutils-x86-64-linux-gnu_2.44-3_amd64.deb ...
#8 33.91 Unpacking binutils-x86-64-linux-gnu (2.44-3) ...
#8 34.19 Selecting previously unselected package binutils.
#8 34.19 Preparing to unpack .../015-binutils_2.44-3_amd64.deb ...
#8 34.20 Unpacking binutils (2.44-3) ...
#8 34.24 Selecting previously unselected package libc-dev-bin.
#8 34.24 Preparing to unpack .../016-libc-dev-bin_2.41-12+deb13u4_amd64.deb ...
#8 34.25 Unpacking libc-dev-bin (2.41-12+deb13u4) ...
#8 34.29 Selecting previously unselected package linux-libc-dev.
#8 34.29 Preparing to unpack .../017-linux-libc-dev_6.12.107-1_all.deb ...
#8 34.29 Unpacking linux-libc-dev (6.12.107-1) ...
#8 34.62 Selecting previously unselected package libcrypt-dev:amd64.
#8 34.62 Preparing to unpack .../018-libcrypt-dev_1%3a4.4.38-1_amd64.deb ...
#8 34.63 Unpacking libcrypt-dev:amd64 (1:4.4.38-1) ...
#8 34.67 Selecting previously unselected package rpcsvc-proto.
#8 34.67 Preparing to unpack .../019-rpcsvc-proto_1.4.3-1_amd64.deb ...
#8 34.68 Unpacking rpcsvc-proto (1.4.3-1) ...
#8 34.72 Selecting previously unselected package libc6-dev:amd64.
#8 34.72 Preparing to unpack .../020-libc6-dev_2.41-12+deb13u4_amd64.deb ...
#8 34.73 Unpacking libc6-dev:amd64 (2.41-12+deb13u4) ...
#8 34.92 Selecting previously unselected package libisl23:amd64.
#8 34.92 Preparing to unpack .../021-libisl23_0.27-1_amd64.deb ...
#8 34.92 Unpacking libisl23:amd64 (0.27-1) ...
#8 35.01 Selecting previously unselected package libmpfr6:amd64.
#8 35.01 Preparing to unpack .../022-libmpfr6_4.2.2-1_amd64.deb ...
#8 35.01 Unpacking libmpfr6:amd64 (4.2.2-1) ...
#8 35.06 Selecting previously unselected package libmpc3:amd64.
#8 35.07 Preparing to unpack .../023-libmpc3_1.3.1-1+b3_amd64.deb ...
#8 35.07 Unpacking libmpc3:amd64 (1.3.1-1+b3) ...
#8 35.10 Selecting previously unselected package cpp-14-x86-64-linux-gnu.
#8 35.11 Preparing to unpack .../024-cpp-14-x86-64-linux-gnu_14.2.0-19_amd64.deb ...
#8 35.11 Unpacking cpp-14-x86-64-linux-gnu (14.2.0-19) ...
#8 35.81 Selecting previously unselected package cpp-14.
#8 35.81 Preparing to unpack .../025-cpp-14_14.2.0-19_amd64.deb ...
#8 35.81 Unpacking cpp-14 (14.2.0-19) ...
#8 35.86 Selecting previously unselected package cpp-x86-64-linux-gnu.
#8 35.86 Preparing to unpack .../026-cpp-x86-64-linux-gnu_4%3a14.2.0-1_amd64.deb ...
#8 35.88 Unpacking cpp-x86-64-linux-gnu (4:14.2.0-1) ...
#8 ...

#9 [production  3/11] RUN /usr/local/bin/python -m pip install --no-cache-dir --upgrade         "setuptools>=78.1.1" "msgpack>=1.2.1"
#9 2.885 Collecting setuptools>=78.1.1
#9 3.265   Downloading setuptools-84.0.0-py3-none-any.whl.metadata (6.6 kB)
#9 3.472 Collecting msgpack>=1.2.1
#9 3.567   Downloading msgpack-1.2.2-cp312-cp312-manylinux2014_x86_64.manylinux_2_17_x86_64.manylinux_2_28_x86_64.whl.metadata (8.3 kB)
#9 3.678 Downloading setuptools-84.0.0-py3-none-any.whl (818 kB)
#9 4.080    ━━━━━━━━━━━━━━━━━━━━━━━━━━━━━━━━━━━━━━━━ 818.2/818.2 kB 4.6 MB/s eta 0:00:00
#9 4.174 Downloading msgpack-1.2.2-cp312-cp312-manylinux2014_x86_64.manylinux_2_17_x86_64.manylinux_2_28_x86_64.whl (420 kB)
#9 4.218 Installing collected packages: setuptools, msgpack
#9 4.919 Successfully installed msgpack-1.2.2 setuptools-84.0.0
#9 4.920 WARNING: Running pip as the 'root' user can result in broken permissions and conflicting behaviour with the system package manager, possibly rendering your system unusable. It is recommended to use a virtual environment instead: https://pip.pypa.io/warnings/venv. Use the --root-user-action option if you know what you are doing and want to suppress this warning.
#9 5.288 
#9 5.288 [notice] A new release of pip is available: 25.0.1 -> 26.2.1
#9 5.288 [notice] To update, run: pip install --upgrade pip
#9 DONE 5.9s

#8 [builder 2/7] RUN apt-get update     && apt-get install -y --no-install-recommends         build-essential         libpq-dev         libjpeg-dev         zlib1g-dev         libcairo2-dev         libpango1.0-dev         libgdk-pixbuf-xlib-2.0-dev         libxml2-dev         libxslt1-dev         libffi-dev         pkg-config         gcc         g++     && rm -rf /var/lib/apt/lists/*
#8 36.38 Selecting previously unselected package cpp.
#8 36.38 Preparing to unpack .../027-cpp_4%3a14.2.0-1_amd64.deb ...
#8 36.40 Unpacking cpp (4:14.2.0-1) ...
#8 36.43 Selecting previously unselected package libcc1-0:amd64.
#8 36.44 Preparing to unpack .../028-libcc1-0_14.2.0-19_amd64.deb ...
#8 36.44 Unpacking libcc1-0:amd64 (14.2.0-19) ...
#8 36.48 Selecting previously unselected package libgomp1:amd64.
#8 36.48 Preparing to unpack .../029-libgomp1_14.2.0-19_amd64.deb ...
#8 36.49 Unpacking libgomp1:amd64 (14.2.0-19) ...
#8 36.53 Selecting previously unselected package libitm1:amd64.
#8 36.53 Preparing to unpack .../030-libitm1_14.2.0-19_amd64.deb ...
#8 36.54 Unpacking libitm1:amd64 (14.2.0-19) ...
#8 36.57 Selecting previously unselected package libatomic1:amd64.
#8 36.57 Preparing to unpack .../031-libatomic1_14.2.0-19_amd64.deb ...
#8 36.58 Unpacking libatomic1:amd64 (14.2.0-19) ...
#8 36.62 Selecting previously unselected package libasan8:amd64.
#8 ...

#10 [production  4/11] RUN useradd --create-home --uid 1000 appuser
#10 DONE 0.3s

#8 [builder 2/7] RUN apt-get update     && apt-get install -y --no-install-recommends         build-essential         libpq-dev         libjpeg-dev         zlib1g-dev         libcairo2-dev         libpango1.0-dev         libgdk-pixbuf-xlib-2.0-dev         libxml2-dev         libxslt1-dev         libffi-dev         pkg-config         gcc         g++     && rm -rf /var/lib/apt/lists/*
#8 36.62 Preparing to unpack .../032-libasan8_14.2.0-19_amd64.deb ...
#8 36.63 Unpacking libasan8:amd64 (14.2.0-19) ...
#8 36.85 Selecting previously unselected package liblsan0:amd64.
#8 36.86 Preparing to unpack .../033-liblsan0_14.2.0-19_amd64.deb ...
#8 36.86 Unpacking liblsan0:amd64 (14.2.0-19) ...
#8 36.95 Selecting previously unselected package libtsan2:amd64.
#8 36.96 Preparing to unpack .../034-libtsan2_14.2.0-19_amd64.deb ...
#8 36.96 Unpacking libtsan2:amd64 (14.2.0-19) ...
#8 37.13 Selecting previously unselected package libubsan1:amd64.
#8 37.13 Preparing to unpack .../035-libubsan1_14.2.0-19_amd64.deb ...
#8 37.14 Unpacking libubsan1:amd64 (14.2.0-19) ...
#8 37.22 Selecting previously unselected package libhwasan0:amd64.
#8 37.22 Preparing to unpack .../036-libhwasan0_14.2.0-19_amd64.deb ...
#8 37.22 Unpacking libhwasan0:amd64 (14.2.0-19) ...
#8 37.34 Selecting previously unselected package libquadmath0:amd64.
#8 37.34 Preparing to unpack .../037-libquadmath0_14.2.0-19_amd64.deb ...
#8 37.35 Unpacking libquadmath0:amd64 (14.2.0-19) ...
#8 37.39 Selecting previously unselected package libgcc-14-dev:amd64.
#8 37.39 Preparing to unpack .../038-libgcc-14-dev_14.2.0-19_amd64.deb ...
#8 37.39 Unpacking libgcc-14-dev:amd64 (14.2.0-19) ...
#8 37.55 Selecting previously unselected package gcc-14-x86-64-linux-gnu.
#8 37.55 Preparing to unpack .../039-gcc-14-x86-64-linux-gnu_14.2.0-19_amd64.deb ...
#8 37.56 Unpacking gcc-14-x86-64-linux-gnu (14.2.0-19) ...
#8 38.29 Selecting previously unselected package gcc-14.
#8 38.29 Preparing to unpack .../040-gcc-14_14.2.0-19_amd64.deb ...
#8 38.29 Unpacking gcc-14 (14.2.0-19) ...
#8 38.33 Selecting previously unselected package gcc-x86-64-linux-gnu.
#8 38.33 Preparing to unpack .../041-gcc-x86-64-linux-gnu_4%3a14.2.0-1_amd64.deb ...
#8 38.33 Unpacking gcc-x86-64-linux-gnu (4:14.2.0-1) ...
#8 38.38 Selecting previously unselected package gcc.
#8 38.38 Preparing to unpack .../042-gcc_4%3a14.2.0-1_amd64.deb ...
#8 38.38 Unpacking gcc (4:14.2.0-1) ...
#8 38.41 Selecting previously unselected package libstdc++-14-dev:amd64.
#8 38.42 Preparing to unpack .../043-libstdc++-14-dev_14.2.0-19_amd64.deb ...
#8 38.42 Unpacking libstdc++-14-dev:amd64 (14.2.0-19) ...
#8 38.65 Selecting previously unselected package g++-14-x86-64-linux-gnu.
#8 38.65 Preparing to unpack .../044-g++-14-x86-64-linux-gnu_14.2.0-19_amd64.deb ...
#8 38.65 Unpacking g++-14-x86-64-linux-gnu (14.2.0-19) ...
#8 39.22 Selecting previously unselected package g++-14.
#8 39.23 Preparing to unpack .../045-g++-14_14.2.0-19_amd64.deb ...
#8 39.23 Unpacking g++-14 (14.2.0-19) ...
#8 39.27 Selecting previously unselected package g++-x86-64-linux-gnu.
#8 39.27 Preparing to unpack .../046-g++-x86-64-linux-gnu_4%3a14.2.0-1_amd64.deb ...
#8 39.27 Unpacking g++-x86-64-linux-gnu (4:14.2.0-1) ...
#8 39.30 Selecting previously unselected package g++.
#8 39.30 Preparing to unpack .../047-g++_4%3a14.2.0-1_amd64.deb ...
#8 39.31 Unpacking g++ (4:14.2.0-1) ...
#8 39.35 Selecting previously unselected package make.
#8 39.35 Preparing to unpack .../048-make_4.4.1-2_amd64.deb ...
#8 39.35 Unpacking make (4.4.1-2) ...
#8 39.40 Selecting previously unselected package libdpkg-perl.
#8 39.41 Preparing to unpack .../049-libdpkg-perl_1.22.22_all.deb ...
#8 39.42 Unpacking libdpkg-perl (1.22.22) ...
#8 39.49 Selecting previously unselected package patch.
#8 39.49 Preparing to unpack .../050-patch_2.8-2_amd64.deb ...
#8 39.49 Unpacking patch (2.8-2) ...
#8 39.54 Selecting previously unselected package dpkg-dev.
#8 39.54 Preparing to unpack .../051-dpkg-dev_1.22.22_all.deb ...
#8 39.55 Unpacking dpkg-dev (1.22.22) ...
#8 39.62 Selecting previously unselected package build-essential.
#8 39.62 Preparing to unpack .../052-build-essential_12.12_amd64.deb ...
#8 39.63 Unpacking build-essential (12.12) ...
#8 39.66 Selecting previously unselected package libbrotli1:amd64.
#8 39.66 Preparing to unpack .../053-libbrotli1_1.1.0-2+b7_amd64.deb ...
#8 39.67 Unpacking libbrotli1:amd64 (1.1.0-2+b7) ...
#8 39.72 Selecting previously unselected package libpng16-16t64:amd64.
#8 39.72 Preparing to unpack .../054-libpng16-16t64_1.6.48-1+deb13u5_amd64.deb ...
#8 39.73 Unpacking libpng16-16t64:amd64 (1.6.48-1+deb13u5) ...
#8 39.77 Selecting previously unselected package libfreetype6:amd64.
#8 39.77 Preparing to unpack .../055-libfreetype6_2.13.3+dfsg-1+deb13u1_amd64.deb ...
#8 39.77 Unpacking libfreetype6:amd64 (2.13.3+dfsg-1+deb13u1) ...
#8 39.83 Selecting previously unselected package fonts-dejavu-mono.
#8 39.84 Preparing to unpack .../056-fonts-dejavu-mono_2.37-8_all.deb ...
#8 39.84 Unpacking fonts-dejavu-mono (2.37-8) ...
#8 39.91 Selecting previously unselected package fonts-dejavu-core.
#8 39.91 Preparing to unpack .../057-fonts-dejavu-core_2.37-8_all.deb ...
#8 39.93 Unpacking fonts-dejavu-core (2.37-8) ...
#8 40.03 Selecting previously unselected package fontconfig-config.
#8 40.03 Preparing to unpack .../058-fontconfig-config_2.15.0-2.3_amd64.deb ...
#8 40.03 Unpacking fontconfig-config (2.15.0-2.3) ...
#8 40.08 Selecting previously unselected package libfontconfig1:amd64.
#8 40.08 Preparing to unpack .../059-libfontconfig1_2.15.0-2.3_amd64.deb ...
#8 40.08 Unpacking libfontconfig1:amd64 (2.15.0-2.3) ...
#8 40.12 Selecting previously unselected package fontconfig.
#8 40.13 Preparing to unpack .../060-fontconfig_2.15.0-2.3_amd64.deb ...
#8 40.13 Unpacking fontconfig (2.15.0-2.3) ...
#8 40.18 Selecting previously unselected package libglib2.0-0t64:amd64.
#8 40.18 Preparing to unpack .../061-libglib2.0-0t64_2.84.4-3~deb13u5_amd64.deb ...
#8 40.20 Unpacking libglib2.0-0t64:amd64 (2.84.4-3~deb13u5) ...
#8 40.31 Selecting previously unselected package gir1.2-glib-2.0:amd64.
#8 40.31 Preparing to unpack .../062-gir1.2-glib-2.0_2.84.4-3~deb13u5_amd64.deb ...
#8 40.31 Unpacking gir1.2-glib-2.0:amd64 (2.84.4-3~deb13u5) ...
#8 40.37 Selecting previously unselected package libpixman-1-0:amd64.
#8 40.37 Preparing to unpack .../063-libpixman-1-0_0.44.0-3_amd64.deb ...
#8 40.37 Unpacking libpixman-1-0:amd64 (0.44.0-3) ...
#8 40.41 Selecting previously unselected package libxau6:amd64.
#8 40.41 Preparing to unpack .../064-libxau6_1%3a1.0.11-1_amd64.deb ...
#8 40.41 Unpacking libxau6:amd64 (1:1.0.11-1) ...
#8 40.45 Selecting previously unselected package libxdmcp6:amd64.
#8 40.46 Preparing to unpack .../065-libxdmcp6_1%3a1.1.5-1_amd64.deb ...
#8 40.46 Unpacking libxdmcp6:amd64 (1:1.1.5-1) ...
#8 40.50 Selecting previously unselected package libxcb1:amd64.
#8 40.50 Preparing to unpack .../066-libxcb1_1.17.0-2+b1_amd64.deb ...
#8 40.50 Unpacking libxcb1:amd64 (1.17.0-2+b1) ...
#8 40.54 Selecting previously unselected package libx11-data.
#8 40.54 Preparing to unpack .../067-libx11-data_2%3a1.8.12-1_all.deb ...
#8 40.56 Unpacking libx11-data (2:1.8.12-1) ...
#8 40.62 Selecting previously unselected package libx11-6:amd64.
#8 40.62 Preparing to unpack .../068-libx11-6_2%3a1.8.12-1_amd64.deb ...
#8 40.62 Unpacking libx11-6:amd64 (2:1.8.12-1) ...
#8 40.70 Selecting previously unselected package libxcb-render0:amd64.
#8 40.70 Preparing to unpack .../069-libxcb-render0_1.17.0-2+b1_amd64.deb ...
#8 40.70 Unpacking libxcb-render0:amd64 (1.17.0-2+b1) ...
#8 40.75 Selecting previously unselected package libxcb-shm0:amd64.
#8 40.75 Preparing to unpack .../070-libxcb-shm0_1.17.0-2+b1_amd64.deb ...
#8 40.75 Unpacking libxcb-shm0:amd64 (1.17.0-2+b1) ...
#8 40.79 Selecting previously unselected package libxext6:amd64.
#8 40.79 Preparing to unpack .../071-libxext6_2%3a1.3.4-1+b3_amd64.deb ...
#8 40.79 Unpacking libxext6:amd64 (2:1.3.4-1+b3) ...
#8 40.84 Selecting previously unselected package libxrender1:amd64.
#8 40.84 Preparing to unpack .../072-libxrender1_1%3a0.9.12-1_amd64.deb ...
#8 40.84 Unpacking libxrender1:amd64 (1:0.9.12-1) ...
#8 40.87 Selecting previously unselected package libcairo2:amd64.
#8 40.87 Preparing to unpack .../073-libcairo2_1.18.4-1+b1_amd64.deb ...
#8 40.88 Unpacking libcairo2:amd64 (1.18.4-1+b1) ...
#8 40.95 Selecting previously unselected package libcairo-gobject2:amd64.
#8 40.95 Preparing to unpack .../074-libcairo-gobject2_1.18.4-1+b1_amd64.deb ...
#8 40.96 Unpacking libcairo-gobject2:amd64 (1.18.4-1+b1) ...
#8 40.99 Selecting previously unselected package gir1.2-freedesktop:amd64.
#8 40.99 Preparing to unpack .../075-gir1.2-freedesktop_1.84.0-1_amd64.deb ...
#8 40.99 Unpacking gir1.2-freedesktop:amd64 (1.84.0-1) ...
#8 41.04 Selecting previously unselected package gir1.2-glib-2.0-dev:amd64.
#8 41.04 Preparing to unpack .../076-gir1.2-glib-2.0-dev_2.84.4-3~deb13u5_amd64.deb ...
#8 41.04 Unpacking gir1.2-glib-2.0-dev:amd64 (2.84.4-3~deb13u5) ...
#8 41.13 Selecting previously unselected package gir1.2-freedesktop-dev:amd64.
#8 41.13 Preparing to unpack .../077-gir1.2-freedesktop-dev_1.84.0-1_amd64.deb ...
#8 41.14 Unpacking gir1.2-freedesktop-dev:amd64 (1.84.0-1) ...
#8 41.18 Selecting previously unselected package libgdk-pixbuf2.0-common.
#8 41.18 Preparing to unpack .../078-libgdk-pixbuf2.0-common_2.42.12+dfsg-4+deb13u1_all.deb ...
#8 41.18 Unpacking libgdk-pixbuf2.0-common (2.42.12+dfsg-4+deb13u1) ...
#8 41.24 Selecting previously unselected package libxml2:amd64.
#8 41.25 Preparing to unpack .../079-libxml2_2.12.7+dfsg+really2.9.14-2.1+deb13u3_amd64.deb ...
#8 41.26 Unpacking libxml2:amd64 (2.12.7+dfsg+really2.9.14-2.1+deb13u3) ...
#8 41.35 Selecting previously unselected package shared-mime-info.
#8 41.35 Preparing to unpack .../080-shared-mime-info_2.4-5+b2_amd64.deb ...
#8 41.36 Unpacking shared-mime-info (2.4-5+b2) ...
#8 41.46 Selecting previously unselected package libjpeg62-turbo:amd64.
#8 41.46 Preparing to unpack .../081-libjpeg62-turbo_1%3a2.1.5-4_amd64.deb ...
#8 41.46 Unpacking libjpeg62-turbo:amd64 (1:2.1.5-4) ...
#8 41.51 Selecting previously unselected package libdeflate0:amd64.
#8 41.52 Preparing to unpack .../082-libdeflate0_1.23-2_amd64.deb ...
#8 41.52 Unpacking libdeflate0:amd64 (1.23-2) ...
#8 41.55 Selecting previously unselected package libjbig0:amd64.
#8 41.56 Preparing to unpack .../083-libjbig0_2.1-6.1+b2_amd64.deb ...
#8 41.57 Unpacking libjbig0:amd64 (2.1-6.1+b2) ...
#8 41.61 Selecting previously unselected package liblerc4:amd64.
#8 41.62 Preparing to unpack .../084-liblerc4_4.0.0+ds-5_amd64.deb ...
#8 41.63 Unpacking liblerc4:amd64 (4.0.0+ds-5) ...
#8 41.68 Selecting previously unselected package libsharpyuv0:amd64.
#8 41.68 Preparing to unpack .../085-libsharpyuv0_1.5.0-0.1_amd64.deb ...
#8 41.69 Unpacking libsharpyuv0:amd64 (1.5.0-0.1) ...
#8 41.75 Selecting previously unselected package libwebp7:amd64.
#8 41.75 Preparing to unpack .../086-libwebp7_1.5.0-0.1_amd64.deb ...
#8 41.75 Unpacking libwebp7:amd64 (1.5.0-0.1) ...
#8 41.80 Selecting previously unselected package libtiff6:amd64.
#8 41.80 Preparing to unpack .../087-libtiff6_4.7.0-3+deb13u3_amd64.deb ...
#8 41.81 Unpacking libtiff6:amd64 (4.7.0-3+deb13u3) ...
#8 41.88 Selecting previously unselected package libgdk-pixbuf-2.0-0:amd64.
#8 41.89 Preparing to unpack .../088-libgdk-pixbuf-2.0-0_2.42.12+dfsg-4+deb13u1_amd64.deb ...
#8 41.91 Unpacking libgdk-pixbuf-2.0-0:amd64 (2.42.12+dfsg-4+deb13u1) ...
#8 41.94 Selecting previously unselected package gir1.2-gdkpixbuf-2.0:amd64.
#8 41.95 Preparing to unpack .../089-gir1.2-gdkpixbuf-2.0_2.42.12+dfsg-4+deb13u1_amd64.deb ...
#8 41.95 Unpacking gir1.2-gdkpixbuf-2.0:amd64 (2.42.12+dfsg-4+deb13u1) ...
#8 42.00 Selecting previously unselected package libgraphite2-3:amd64.
#8 42.00 Preparing to unpack .../090-libgraphite2-3_1.3.14-2+deb13u1_amd64.deb ...
#8 42.01 Unpacking libgraphite2-3:amd64 (1.3.14-2+deb13u1) ...
#8 42.05 Selecting previously unselected package libharfbuzz0b:amd64.
#8 42.05 Preparing to unpack .../091-libharfbuzz0b_10.2.0-1+deb13u1_amd64.deb ...
#8 42.05 Unpacking libharfbuzz0b:amd64 (10.2.0-1+deb13u1) ...
#8 42.14 Selecting previously unselected package libharfbuzz-gobject0:amd64.
#8 42.15 Preparing to unpack .../092-libharfbuzz-gobject0_10.2.0-1+deb13u1_amd64.deb ...
#8 42.15 Unpacking libharfbuzz-gobject0:amd64 (10.2.0-1+deb13u1) ...
#8 42.19 Selecting previously unselected package gir1.2-harfbuzz-0.0:amd64.
#8 42.19 Preparing to unpack .../093-gir1.2-harfbuzz-0.0_10.2.0-1+deb13u1_amd64.deb ...
#8 42.20 Unpacking gir1.2-harfbuzz-0.0:amd64 (10.2.0-1+deb13u1) ...
#8 42.25 Selecting previously unselected package libfribidi0:amd64.
#8 42.25 Preparing to unpack .../094-libfribidi0_1.0.16-1_amd64.deb ...
#8 42.25 Unpacking libfribidi0:amd64 (1.0.16-1) ...
#8 42.30 Selecting previously unselected package libthai-data.
#8 42.30 Preparing to unpack .../095-libthai-data_0.1.29-2_all.deb ...
#8 42.30 Unpacking libthai-data (0.1.29-2) ...
#8 42.35 Selecting previously unselected package libdatrie1:amd64.
#8 42.35 Preparing to unpack .../096-libdatrie1_0.2.13-3+b1_amd64.deb ...
#8 42.35 Unpacking libdatrie1:amd64 (0.2.13-3+b1) ...
#8 42.39 Selecting previously unselected package libthai0:amd64.
#8 42.40 Preparing to unpack .../097-libthai0_0.1.29-2+b1_amd64.deb ...
#8 42.40 Unpacking libthai0:amd64 (0.1.29-2+b1) ...
#8 42.44 Selecting previously unselected package libpango-1.0-0:amd64.
#8 42.44 Preparing to unpack .../098-libpango-1.0-0_1.56.3-1_amd64.deb ...
#8 42.45 Unpacking libpango-1.0-0:amd64 (1.56.3-1) ...
#8 42.50 Selecting previously unselected package libpangoft2-1.0-0:amd64.
#8 42.50 Preparing to unpack .../099-libpangoft2-1.0-0_1.56.3-1_amd64.deb ...
#8 42.50 Unpacking libpangoft2-1.0-0:amd64 (1.56.3-1) ...
#8 42.55 Selecting previously unselected package libpangocairo-1.0-0:amd64.
#8 42.55 Preparing to unpack .../100-libpangocairo-1.0-0_1.56.3-1_amd64.deb ...
#8 42.55 Unpacking libpangocairo-1.0-0:amd64 (1.56.3-1) ...
#8 42.58 Selecting previously unselected package libxft2:amd64.
#8 42.59 Preparing to unpack .../101-libxft2_2.3.6-1+b4_amd64.deb ...
#8 42.59 Unpacking libxft2:amd64 (2.3.6-1+b4) ...
#8 42.63 Selecting previously unselected package libpangoxft-1.0-0:amd64.
#8 42.64 Preparing to unpack .../102-libpangoxft-1.0-0_1.56.3-1_amd64.deb ...
#8 42.64 Unpacking libpangoxft-1.0-0:amd64 (1.56.3-1) ...
#8 42.68 Selecting previously unselected package gir1.2-pango-1.0:amd64.
#8 42.68 Preparing to unpack .../103-gir1.2-pango-1.0_1.56.3-1_amd64.deb ...
#8 42.68 Unpacking gir1.2-pango-1.0:amd64 (1.56.3-1) ...
#8 42.71 Selecting previously unselected package native-architecture.
#8 42.71 Preparing to unpack .../104-native-architecture_0.2.6_all.deb ...
#8 42.72 Unpacking native-architecture (0.2.6) ...
#8 42.76 Selecting previously unselected package libgirepository-2.0-0:amd64.
#8 42.76 Preparing to unpack .../105-libgirepository-2.0-0_2.84.4-3~deb13u5_amd64.deb ...
#8 42.76 Unpacking libgirepository-2.0-0:amd64 (2.84.4-3~deb13u5) ...
#8 42.80 Selecting previously unselected package girepository-tools:amd64.
#8 42.80 Preparing to unpack .../106-girepository-tools_2.84.4-3~deb13u5_amd64.deb ...
#8 42.81 Unpacking girepository-tools:amd64 (2.84.4-3~deb13u5) ...
#8 42.84 Selecting previously unselected package libicu76:amd64.
#8 42.85 Preparing to unpack .../107-libicu76_76.1-4_amd64.deb ...
#8 42.85 Unpacking libicu76:amd64 (76.1-4) ...
#8 43.37 Selecting previously unselected package icu-devtools.
#8 43.37 Preparing to unpack .../108-icu-devtools_76.1-4_amd64.deb ...
#8 43.37 Unpacking icu-devtools (76.1-4) ...
#8 43.43 Selecting previously unselected package uuid-dev:amd64.
#8 43.43 Preparing to unpack .../109-uuid-dev_2.41.5-0+deb13u1_amd64.deb ...
#8 43.44 Unpacking uuid-dev:amd64 (2.41.5-0+deb13u1) ...
#8 43.48 Selecting previously unselected package libblkid-dev:amd64.
#8 43.48 Preparing to unpack .../110-libblkid-dev_2.41.5-0+deb13u1_amd64.deb ...
#8 43.50 Unpacking libblkid-dev:amd64 (2.41.5-0+deb13u1) ...
#8 43.53 Selecting previously unselected package libbrotli-dev:amd64.
#8 43.53 Preparing to unpack .../111-libbrotli-dev_1.1.0-2+b7_amd64.deb ...
#8 43.54 Unpacking libbrotli-dev:amd64 (1.1.0-2+b7) ...
#8 43.60 Selecting previously unselected package libbz2-dev:amd64.
#8 43.60 Preparing to unpack .../112-libbz2-dev_1.0.8-6_amd64.deb ...
#8 43.61 Unpacking libbz2-dev:amd64 (1.0.8-6) ...
#8 43.65 Selecting previously unselected package liblzo2-2:amd64.
#8 43.65 Preparing to unpack .../113-liblzo2-2_2.10-3+b1_amd64.deb ...
#8 43.65 Unpacking liblzo2-2:amd64 (2.10-3+b1) ...
#8 43.69 Selecting previously unselected package libcairo-script-interpreter2:amd64.
#8 43.69 Preparing to unpack .../114-libcairo-script-interpreter2_1.18.4-1+b1_amd64.deb ...
#8 43.69 Unpacking libcairo-script-interpreter2:amd64 (1.18.4-1+b1) ...
#8 43.73 Selecting previously unselected package libexpat1-dev:amd64.
#8 43.73 Preparing to unpack .../115-libexpat1-dev_2.8.3-1~deb13u1_amd64.deb ...
#8 43.74 Unpacking libexpat1-dev:amd64 (2.8.3-1~deb13u1) ...
#8 43.78 Selecting previously unselected package zlib1g-dev:amd64.
#8 43.78 Preparing to unpack .../116-zlib1g-dev_1%3a1.3.dfsg+really1.3.1-1+b1_amd64.deb ...
#8 43.78 Unpacking zlib1g-dev:amd64 (1:1.3.dfsg+really1.3.1-1+b1) ...
#8 43.83 Selecting previously unselected package libpng-dev:amd64.
#8 43.84 Preparing to unpack .../117-libpng-dev_1.6.48-1+deb13u5_amd64.deb ...
#8 43.84 Unpacking libpng-dev:amd64 (1.6.48-1+deb13u5) ...
#8 43.88 Selecting previously unselected package libfreetype-dev:amd64.
#8 43.89 Preparing to unpack .../118-libfreetype-dev_2.13.3+dfsg-1+deb13u1_amd64.deb ...
#8 43.89 Unpacking libfreetype-dev:amd64 (2.13.3+dfsg-1+deb13u1) ...
#8 43.97 Selecting previously unselected package libpkgconf3:amd64.
#8 43.97 Preparing to unpack .../119-libpkgconf3_1.8.1-4_amd64.deb ...
#8 43.97 Unpacking libpkgconf3:amd64 (1.8.1-4) ...
#8 44.01 Selecting previously unselected package pkgconf-bin.
#8 44.01 Preparing to unpack .../120-pkgconf-bin_1.8.1-4_amd64.deb ...
#8 44.02 Unpacking pkgconf-bin (1.8.1-4) ...
#8 44.06 Selecting previously unselected package pkgconf:amd64.
#8 44.06 Preparing to unpack .../121-pkgconf_1.8.1-4_amd64.deb ...
#8 44.07 Unpacking pkgconf:amd64 (1.8.1-4) ...
#8 44.10 Selecting previously unselected package libfontconfig-dev:amd64.
#8 44.10 Preparing to unpack .../122-libfontconfig-dev_2.15.0-2.3_amd64.deb ...
#8 44.10 Unpacking libfontconfig-dev:amd64 (2.15.0-2.3) ...
#8 44.16 Selecting previously unselected package libffi-dev:amd64.
#8 44.16 Preparing to unpack .../123-libffi-dev_3.4.8-2_amd64.deb ...
#8 44.16 Unpacking libffi-dev:amd64 (3.4.8-2) ...
#8 44.20 Selecting previously unselected package libsepol-dev:amd64.
#8 44.20 Preparing to unpack .../124-libsepol-dev_3.8.1-1_amd64.deb ...
#8 44.20 Unpacking libsepol-dev:amd64 (3.8.1-1) ...
#8 44.27 Selecting previously unselected package libpcre2-16-0:amd64.
#8 44.27 Preparing to unpack .../125-libpcre2-16-0_10.46-1~deb13u2_amd64.deb ...
#8 44.28 Unpacking libpcre2-16-0:amd64 (10.46-1~deb13u2) ...
#8 44.34 Selecting previously unselected package libpcre2-32-0:amd64.
#8 44.34 Preparing to unpack .../126-libpcre2-32-0_10.46-1~deb13u2_amd64.deb ...
#8 44.34 Unpacking libpcre2-32-0:amd64 (10.46-1~deb13u2) ...
#8 44.39 Selecting previously unselected package libpcre2-posix3:amd64.
#8 44.39 Preparing to unpack .../127-libpcre2-posix3_10.46-1~deb13u2_amd64.deb ...
#8 44.39 Unpacking libpcre2-posix3:amd64 (10.46-1~deb13u2) ...
#8 44.43 Selecting previously unselected package libpcre2-dev:amd64.
#8 44.43 Preparing to unpack .../128-libpcre2-dev_10.46-1~deb13u2_amd64.deb ...
#8 44.44 Unpacking libpcre2-dev:amd64 (10.46-1~deb13u2) ...
#8 44.51 Selecting previously unselected package libselinux1-dev:amd64.
#8 44.51 Preparing to unpack .../129-libselinux1-dev_3.8.1-1_amd64.deb ...
#8 44.52 Unpacking libselinux1-dev:amd64 (3.8.1-1) ...
#8 44.56 Selecting previously unselected package libmount-dev:amd64.
#8 44.56 Preparing to unpack .../130-libmount-dev_2.41.5-0+deb13u1_amd64.deb ...
#8 44.57 Unpacking libmount-dev:amd64 (2.41.5-0+deb13u1) ...
#8 44.61 Selecting previously unselected package libsysprof-capture-4-dev:amd64.
#8 44.61 Preparing to unpack .../131-libsysprof-capture-4-dev_48.0-2_amd64.deb ...
#8 44.61 Unpacking libsysprof-capture-4-dev:amd64 (48.0-2) ...
#8 44.66 Selecting previously unselected package libgio-2.0-dev:amd64.
#8 44.67 Preparing to unpack .../132-libgio-2.0-dev_2.84.4-3~deb13u5_amd64.deb ...
#8 44.67 Unpacking libgio-2.0-dev:amd64 (2.84.4-3~deb13u5) ...
#8 44.83 Selecting previously unselected package libglib2.0-data.
#8 44.83 Preparing to unpack .../133-libglib2.0-data_2.84.4-3~deb13u5_all.deb ...
#8 44.84 Unpacking libglib2.0-data (2.84.4-3~deb13u5) ...
#8 44.97 Selecting previously unselected package libelf1t64:amd64.
#8 44.97 Preparing to unpack .../134-libelf1t64_0.192-4_amd64.deb ...
#8 44.97 Unpacking libelf1t64:amd64 (0.192-4) ...
#8 45.01 Selecting previously unselected package libglib2.0-bin.
#8 45.02 Preparing to unpack .../135-libglib2.0-bin_2.84.4-3~deb13u5_amd64.deb ...
#8 45.02 Unpacking libglib2.0-bin (2.84.4-3~deb13u5) ...
#8 45.06 Selecting previously unselected package python3-packaging.
#8 45.06 Preparing to unpack .../136-python3-packaging_25.0-1_all.deb ...
#8 45.06 Unpacking python3-packaging (25.0-1) ...
#8 45.10 Selecting previously unselected package libgio-2.0-dev-bin.
#8 45.11 Preparing to unpack .../137-libgio-2.0-dev-bin_2.84.4-3~deb13u5_amd64.deb ...
#8 45.11 Unpacking libgio-2.0-dev-bin (2.84.4-3~deb13u5) ...
#8 45.15 Selecting previously unselected package libglib2.0-dev-bin.
#8 45.15 Preparing to unpack .../138-libglib2.0-dev-bin_2.84.4-3~deb13u5_amd64.deb ...
#8 45.15 Unpacking libglib2.0-dev-bin (2.84.4-3~deb13u5) ...
#8 45.18 Selecting previously unselected package libglib2.0-dev:amd64.
#8 45.18 Preparing to unpack .../139-libglib2.0-dev_2.84.4-3~deb13u5_amd64.deb ...
#8 45.19 Unpacking libglib2.0-dev:amd64 (2.84.4-3~deb13u5) ...
#8 45.22 Selecting previously unselected package libpixman-1-dev:amd64.
#8 45.22 Preparing to unpack .../140-libpixman-1-dev_0.44.0-3_amd64.deb ...
#8 45.23 Unpacking libpixman-1-dev:amd64 (0.44.0-3) ...
#8 45.27 Selecting previously unselected package x11-common.
#8 45.27 Preparing to unpack .../141-x11-common_1%3a7.7+24+deb13u1_all.deb ...
#8 45.27 Unpacking x11-common (1:7.7+24+deb13u1) ...
#8 45.31 Selecting previously unselected package libice6:amd64.
#8 45.31 Preparing to unpack .../142-libice6_2%3a1.1.1-1_amd64.deb ...
#8 45.31 Unpacking libice6:amd64 (2:1.1.1-1) ...
#8 45.35 Selecting previously unselected package libsm6:amd64.
#8 45.35 Preparing to unpack .../143-libsm6_2%3a1.2.6-1_amd64.deb ...
#8 45.35 Unpacking libsm6:amd64 (2:1.2.6-1) ...
#8 45.38 Selecting previously unselected package xorg-sgml-doctools.
#8 45.39 Preparing to unpack .../144-xorg-sgml-doctools_1%3a1.11-1.1_all.deb ...
#8 45.39 Unpacking xorg-sgml-doctools (1:1.11-1.1) ...
#8 45.43 Selecting previously unselected package x11proto-dev.
#8 45.43 Preparing to unpack .../145-x11proto-dev_2024.1-1_all.deb ...
#8 45.43 Unpacking x11proto-dev (2024.1-1) ...
#8 45.49 Selecting previously unselected package libice-dev:amd64.
#8 45.49 Preparing to unpack .../146-libice-dev_2%3a1.1.1-1_amd64.deb ...
#8 45.50 Unpacking libice-dev:amd64 (2:1.1.1-1) ...
#8 45.53 Selecting previously unselected package libsm-dev:amd64.
#8 45.53 Preparing to unpack .../147-libsm-dev_2%3a1.2.6-1_amd64.deb ...
#8 45.54 Unpacking libsm-dev:amd64 (2:1.2.6-1) ...
#8 45.57 Selecting previously unselected package libxau-dev:amd64.
#8 45.58 Preparing to unpack .../148-libxau-dev_1%3a1.0.11-1_amd64.deb ...
#8 45.58 Unpacking libxau-dev:amd64 (1:1.0.11-1) ...
#8 45.62 Selecting previously unselected package libxdmcp-dev:amd64.
#8 45.62 Preparing to unpack .../149-libxdmcp-dev_1%3a1.1.5-1_amd64.deb ...
#8 45.62 Unpacking libxdmcp-dev:amd64 (1:1.1.5-1) ...
#8 45.65 Selecting previously unselected package xtrans-dev.
#8 45.66 Preparing to unpack .../150-xtrans-dev_1.4.0-1_all.deb ...
#8 45.66 Unpacking xtrans-dev (1.4.0-1) ...
#8 45.70 Selecting previously unselected package libxcb1-dev:amd64.
#8 45.70 Preparing to unpack .../151-libxcb1-dev_1.17.0-2+b1_amd64.deb ...
#8 45.70 Unpacking libxcb1-dev:amd64 (1.17.0-2+b1) ...
#8 45.74 Selecting previously unselected package libx11-dev:amd64.
#8 45.74 Preparing to unpack .../152-libx11-dev_2%3a1.8.12-1_amd64.deb ...
#8 45.75 Unpacking libx11-dev:amd64 (2:1.8.12-1) ...
#8 45.81 Selecting previously unselected package libxcb-render0-dev:amd64.
#8 45.82 Preparing to unpack .../153-libxcb-render0-dev_1.17.0-2+b1_amd64.deb ...
#8 45.82 Unpacking libxcb-render0-dev:amd64 (1.17.0-2+b1) ...
#8 45.85 Selecting previously unselected package libxcb-shm0-dev:amd64.
#8 45.85 Preparing to unpack .../154-libxcb-shm0-dev_1.17.0-2+b1_amd64.deb ...
#8 45.86 Unpacking libxcb-shm0-dev:amd64 (1.17.0-2+b1) ...
#8 45.90 Selecting previously unselected package libxext-dev:amd64.
#8 45.90 Preparing to unpack .../155-libxext-dev_2%3a1.3.4-1+b3_amd64.deb ...
#8 45.90 Unpacking libxext-dev:amd64 (2:1.3.4-1+b3) ...
#8 45.94 Selecting previously unselected package libxrender-dev:amd64.
#8 45.94 Preparing to unpack .../156-libxrender-dev_1%3a0.9.12-1_amd64.deb ...
#8 45.95 Unpacking libxrender-dev:amd64 (1:0.9.12-1) ...
#8 45.98 Selecting previously unselected package libcairo2-dev:amd64.
#8 45.98 Preparing to unpack .../157-libcairo2-dev_1.18.4-1+b1_amd64.deb ...
#8 45.99 Unpacking libcairo2-dev:amd64 (1.18.4-1+b1) ...
#8 46.03 Selecting previously unselected package libcom-err2:amd64.
#8 46.03 Preparing to unpack .../158-libcom-err2_1.47.2-3+b12_amd64.deb ...
#8 46.03 Unpacking libcom-err2:amd64 (1.47.2-3+b12) ...
#8 46.06 Selecting previously unselected package libdatrie-dev:amd64.
#8 46.07 Preparing to unpack .../159-libdatrie-dev_0.2.13-3+b1_amd64.deb ...
#8 46.07 Unpacking libdatrie-dev:amd64 (0.2.13-3+b1) ...
#8 46.10 Selecting previously unselected package libdeflate-dev:amd64.
#8 46.10 Preparing to unpack .../160-libdeflate-dev_1.23-2_amd64.deb ...
#8 46.11 Unpacking libdeflate-dev:amd64 (1.23-2) ...
#8 46.14 Selecting previously unselected package libfribidi-dev:amd64.
#8 46.14 Preparing to unpack .../161-libfribidi-dev_1.0.16-1_amd64.deb ...
#8 46.14 Unpacking libfribidi-dev:amd64 (1.0.16-1) ...
#8 46.18 Selecting previously unselected package libgpg-error0:amd64.
#8 46.18 Preparing to unpack .../162-libgpg-error0_1.51-4_amd64.deb ...
#8 46.18 Unpacking libgpg-error0:amd64 (1.51-4) ...
#8 46.22 Selecting previously unselected package libgcrypt20:amd64.
#8 46.22 Preparing to unpack .../163-libgcrypt20_1.11.0-7+deb13u1_amd64.deb ...
#8 46.22 Unpacking libgcrypt20:amd64 (1.11.0-7+deb13u1) ...
#8 46.29 Selecting previously unselected package libgdk-pixbuf2.0-bin.
#8 46.29 Preparing to unpack .../164-libgdk-pixbuf2.0-bin_2.42.12+dfsg-4+deb13u1_amd64.deb ...
#8 46.29 Unpacking libgdk-pixbuf2.0-bin (2.42.12+dfsg-4+deb13u1) ...
#8 46.33 Selecting previously unselected package libjpeg62-turbo-dev:amd64.
#8 46.33 Preparing to unpack .../165-libjpeg62-turbo-dev_1%3a2.1.5-4_amd64.deb ...
#8 46.33 Unpacking libjpeg62-turbo-dev:amd64 (1:2.1.5-4) ...
#8 46.38 Selecting previously unselected package libjpeg-dev:amd64.
#8 46.38 Preparing to unpack .../166-libjpeg-dev_1%3a2.1.5-4_amd64.deb ...
#8 46.39 Unpacking libjpeg-dev:amd64 (1:2.1.5-4) ...
#8 46.42 Selecting previously unselected package libjbig-dev:amd64.
#8 46.42 Preparing to unpack .../167-libjbig-dev_2.1-6.1+b2_amd64.deb ...
#8 46.44 Unpacking libjbig-dev:amd64 (2.1-6.1+b2) ...
#8 46.48 Selecting previously unselected package liblzma-dev:amd64.
#8 46.48 Preparing to unpack .../168-liblzma-dev_5.8.1-1+deb13u1_amd64.deb ...
#8 46.49 Unpacking liblzma-dev:amd64 (5.8.1-1+deb13u1) ...
#8 46.53 Selecting previously unselected package libzstd-dev:amd64.
#8 46.53 Preparing to unpack .../169-libzstd-dev_1.5.7+dfsg-1_amd64.deb ...
#8 46.54 Unpacking libzstd-dev:amd64 (1.5.7+dfsg-1) ...
#8 46.60 Selecting previously unselected package libwebpdemux2:amd64.
#8 46.60 Preparing to unpack .../170-libwebpdemux2_1.5.0-0.1_amd64.deb ...
#8 46.60 Unpacking libwebpdemux2:amd64 (1.5.0-0.1) ...
#8 46.66 Selecting previously unselected package libwebpmux3:amd64.
#8 46.66 Preparing to unpack .../171-libwebpmux3_1.5.0-0.1_amd64.deb ...
#8 46.66 Unpacking libwebpmux3:amd64 (1.5.0-0.1) ...
#8 46.70 Selecting previously unselected package libwebpdecoder3:amd64.
#8 46.71 Preparing to unpack .../172-libwebpdecoder3_1.5.0-0.1_amd64.deb ...
#8 46.71 Unpacking libwebpdecoder3:amd64 (1.5.0-0.1) ...
#8 46.75 Selecting previously unselected package libsharpyuv-dev:amd64.
#8 46.75 Preparing to unpack .../173-libsharpyuv-dev_1.5.0-0.1_amd64.deb ...
#8 46.76 Unpacking libsharpyuv-dev:amd64 (1.5.0-0.1) ...
#8 46.79 Selecting previously unselected package libwebp-dev:amd64.
#8 46.79 Preparing to unpack .../174-libwebp-dev_1.5.0-0.1_amd64.deb ...
#8 46.80 Unpacking libwebp-dev:amd64 (1.5.0-0.1) ...
#8 46.86 Selecting previously unselected package libtiffxx6:amd64.
#8 46.87 Preparing to unpack .../175-libtiffxx6_4.7.0-3+deb13u3_amd64.deb ...
#8 46.87 Unpacking libtiffxx6:amd64 (4.7.0-3+deb13u3) ...
#8 46.91 Selecting previously unselected package liblerc-dev:amd64.
#8 46.91 Preparing to unpack .../176-liblerc-dev_4.0.0+ds-5_amd64.deb ...
#8 46.91 Unpacking liblerc-dev:amd64 (4.0.0+ds-5) ...
#8 46.95 Selecting previously unselected package libtiff-dev:amd64.
#8 46.95 Preparing to unpack .../177-libtiff-dev_4.7.0-3+deb13u3_amd64.deb ...
#8 46.96 Unpacking libtiff-dev:amd64 (4.7.0-3+deb13u3) ...
#8 47.01 Selecting previously unselected package libgdk-pixbuf-2.0-dev:amd64.
#8 47.01 Preparing to unpack .../178-libgdk-pixbuf-2.0-dev_2.42.12+dfsg-4+deb13u1_amd64.deb ...
#8 47.02 Unpacking libgdk-pixbuf-2.0-dev:amd64 (2.42.12+dfsg-4+deb13u1) ...
#8 47.06 Selecting previously unselected package libgdk-pixbuf-xlib-2.0-0:amd64.
#8 47.06 Preparing to unpack .../179-libgdk-pixbuf-xlib-2.0-0_2.40.2-5_amd64.deb ...
#8 47.07 Unpacking libgdk-pixbuf-xlib-2.0-0:amd64 (2.40.2-5) ...
#8 47.10 Selecting previously unselected package libgdk-pixbuf-xlib-2.0-dev:amd64.
#8 47.10 Preparing to unpack .../180-libgdk-pixbuf-xlib-2.0-dev_2.40.2-5_amd64.deb ...
#8 47.11 Unpacking libgdk-pixbuf-xlib-2.0-dev:amd64 (2.40.2-5) ...
#8 47.15 Selecting previously unselected package libgraphite2-dev:amd64.
#8 47.15 Preparing to unpack .../181-libgraphite2-dev_1.3.14-2+deb13u1_amd64.deb ...
#8 47.15 Unpacking libgraphite2-dev:amd64 (1.3.14-2+deb13u1) ...
#8 47.19 Selecting previously unselected package libkrb5support0:amd64.
#8 47.19 Preparing to unpack .../182-libkrb5support0_1.21.3-5+deb13u1_amd64.deb ...
#8 47.19 Unpacking libkrb5support0:amd64 (1.21.3-5+deb13u1) ...
#8 47.23 Selecting previously unselected package libk5crypto3:amd64.
#8 47.23 Preparing to unpack .../183-libk5crypto3_1.21.3-5+deb13u1_amd64.deb ...
#8 47.23 Unpacking libk5crypto3:amd64 (1.21.3-5+deb13u1) ...
#8 47.27 Selecting previously unselected package libkeyutils1:amd64.
#8 47.28 Preparing to unpack .../184-libkeyutils1_1.6.3-6_amd64.deb ...
#8 47.28 Unpacking libkeyutils1:amd64 (1.6.3-6) ...
#8 47.32 Selecting previously unselected package libkrb5-3:amd64.
#8 47.32 Preparing to unpack .../185-libkrb5-3_1.21.3-5+deb13u1_amd64.deb ...
#8 47.33 Unpacking libkrb5-3:amd64 (1.21.3-5+deb13u1) ...
#8 47.39 Selecting previously unselected package libgssapi-krb5-2:amd64.
#8 47.39 Preparing to unpack .../186-libgssapi-krb5-2_1.21.3-5+deb13u1_amd64.deb ...
#8 47.39 Unpacking libgssapi-krb5-2:amd64 (1.21.3-5+deb13u1) ...
#8 47.44 Selecting previously unselected package libharfbuzz-cairo0:amd64.
#8 47.44 Preparing to unpack .../187-libharfbuzz-cairo0_10.2.0-1+deb13u1_amd64.deb ...
#8 47.45 Unpacking libharfbuzz-cairo0:amd64 (10.2.0-1+deb13u1) ...
#8 47.49 Selecting previously unselected package libharfbuzz-icu0:amd64.
#8 47.49 Preparing to unpack .../188-libharfbuzz-icu0_10.2.0-1+deb13u1_amd64.deb ...
#8 47.49 Unpacking libharfbuzz-icu0:amd64 (10.2.0-1+deb13u1) ...
#8 47.53 Selecting previously unselected package libharfbuzz-subset0:amd64.
#8 47.54 Preparing to unpack .../189-libharfbuzz-subset0_10.2.0-1+deb13u1_amd64.deb ...
#8 47.54 Unpacking libharfbuzz-subset0:amd64 (10.2.0-1+deb13u1) ...
#8 47.60 Selecting previously unselected package libicu-dev:amd64.
#8 47.61 Preparing to unpack .../190-libicu-dev_76.1-4_amd64.deb ...
#8 47.61 Unpacking libicu-dev:amd64 (76.1-4) ...
#8 48.15 Selecting previously unselected package libharfbuzz-dev:amd64.
#8 48.15 Preparing to unpack .../191-libharfbuzz-dev_10.2.0-1+deb13u1_amd64.deb ...
#8 48.16 Unpacking libharfbuzz-dev:amd64 (10.2.0-1+deb13u1) ...
#8 48.21 Selecting previously unselected package libsasl2-modules-db:amd64.
#8 48.21 Preparing to unpack .../192-libsasl2-modules-db_2.1.28+dfsg1-9_amd64.deb ...
#8 48.22 Unpacking libsasl2-modules-db:amd64 (2.1.28+dfsg1-9) ...
#8 48.25 Selecting previously unselected package libsasl2-2:amd64.
#8 48.25 Preparing to unpack .../193-libsasl2-2_2.1.28+dfsg1-9_amd64.deb ...
#8 48.26 Unpacking libsasl2-2:amd64 (2.1.28+dfsg1-9) ...
#8 48.29 Selecting previously unselected package libldap2:amd64.
#8 48.29 Preparing to unpack .../194-libldap2_2.6.10+dfsg-1_amd64.deb ...
#8 48.30 Unpacking libldap2:amd64 (2.6.10+dfsg-1) ...
#8 48.34 Selecting previously unselected package libthai-dev:amd64.
#8 48.34 Preparing to unpack .../195-libthai-dev_0.1.29-2+b1_amd64.deb ...
#8 48.34 Unpacking libthai-dev:amd64 (0.1.29-2+b1) ...
#8 48.37 Selecting previously unselected package libxft-dev:amd64.
#8 48.37 Preparing to unpack .../196-libxft-dev_2.3.6-1+b4_amd64.deb ...
#8 48.38 Unpacking libxft-dev:amd64 (2.3.6-1+b4) ...
#8 48.41 Selecting previously unselected package pango1.0-tools.
#8 48.41 Preparing to unpack .../197-pango1.0-tools_1.56.3-1_amd64.deb ...
#8 48.41 Unpacking pango1.0-tools (1.56.3-1) ...
#8 48.44 Selecting previously unselected package libpango1.0-dev:amd64.
#8 48.44 Preparing to unpack .../198-libpango1.0-dev_1.56.3-1_amd64.deb ...
#8 48.45 Unpacking libpango1.0-dev:amd64 (1.56.3-1) ...
#8 48.50 Selecting previously unselected package libpq5:amd64.
#8 48.50 Preparing to unpack .../199-libpq5_17.11-0+deb13u1_amd64.deb ...
#8 48.51 Unpacking libpq5:amd64 (17.11-0+deb13u1) ...
#8 48.55 Selecting previously unselected package libssl-dev:amd64.
#8 48.55 Preparing to unpack .../200-libssl-dev_3.5.7-1~deb13u2_amd64.deb ...
#8 48.55 Unpacking libssl-dev:amd64 (3.5.7-1~deb13u2) ...
#8 48.77 Selecting previously unselected package libpq-dev.
#8 48.78 Preparing to unpack .../201-libpq-dev_17.11-0+deb13u1_amd64.deb ...
#8 48.79 Unpacking libpq-dev (17.11-0+deb13u1) ...
#8 48.83 Selecting previously unselected package libxml2-dev:amd64.
#8 48.83 Preparing to unpack .../202-libxml2-dev_2.12.7+dfsg+really2.9.14-2.1+deb13u3_amd64.deb ...
#8 48.83 Unpacking libxml2-dev:amd64 (2.12.7+dfsg+really2.9.14-2.1+deb13u3) ...
#8 48.91 Selecting previously unselected package libxslt1.1:amd64.
#8 48.91 Preparing to unpack .../203-libxslt1.1_1.1.35-1.2+deb13u3_amd64.deb ...
#8 48.92 Unpacking libxslt1.1:amd64 (1.1.35-1.2+deb13u3) ...
#8 48.95 Selecting previously unselected package libxslt1-dev:amd64.
#8 48.96 Preparing to unpack .../204-libxslt1-dev_1.1.35-1.2+deb13u3_amd64.deb ...
#8 48.96 Unpacking libxslt1-dev:amd64 (1.1.35-1.2+deb13u3) ...
#8 49.01 Selecting previously unselected package pkg-config:amd64.
#8 49.01 Preparing to unpack .../205-pkg-config_1.8.1-4_amd64.deb ...
#8 49.02 Unpacking pkg-config:amd64 (1.8.1-4) ...
#8 49.06 Setting up media-types (13.0.0) ...
#8 49.09 Setting up libgraphite2-3:amd64 (1.3.14-2+deb13u1) ...
#8 49.10 Setting up libpixman-1-0:amd64 (0.44.0-3) ...
#8 49.11 Setting up libsharpyuv0:amd64 (1.5.0-0.1) ...
#8 49.11 Setting up libxau6:amd64 (1:1.0.11-1) ...
#8 49.14 Setting up libxdmcp6:amd64 (1:1.1.5-1) ...
#8 49.15 Setting up libkeyutils1:amd64 (1.6.3-6) ...
#8 49.16 Setting up libxcb1:amd64 (1.17.0-2+b1) ...
#8 49.17 Setting up libpixman-1-dev:amd64 (0.44.0-3) ...
#8 49.18 Setting up native-architecture (0.2.6) ...
#8 49.20 Setting up liblerc4:amd64 (4.0.0+ds-5) ...
#8 49.21 Setting up libzstd-dev:amd64 (1.5.7+dfsg-1) ...
#8 49.22 Setting up libgpg-error0:amd64 (1.51-4) ...
#8 49.22 Setting up libdatrie1:amd64 (0.2.13-3+b1) ...
#8 49.24 Setting up libgdbm-compat4t64:amd64 (1.24-2) ...
#8 49.26 Setting up libxcb-render0:amd64 (1.17.0-2+b1) ...
#8 49.27 Setting up libbrotli1:amd64 (1.1.0-2+b7) ...
#8 49.28 Setting up libgdk-pixbuf2.0-common (2.42.12+dfsg-4+deb13u1) ...
#8 49.30 Setting up binutils-common:amd64 (2.44-3) ...
#8 49.31 Setting up x11-common (1:7.7+24+deb13u1) ...
#8 49.45 debconf: unable to initialize frontend: Dialog
#8 49.45 debconf: (TERM is not set, so the dialog frontend is not usable.)
#8 49.45 debconf: falling back to frontend: Readline
#8 49.45 debconf: unable to initialize frontend: Readline
#8 49.45 debconf: (This frontend requires a controlling tty.)
#8 49.45 debconf: falling back to frontend: Teletype
#8 49.46 debconf: unable to initialize frontend: Teletype
#8 49.46 debconf: (This frontend requires a controlling tty.)
#8 49.46 debconf: falling back to frontend: Noninteractive
#8 49.48 invoke-rc.d: could not determine current runlevel
#8 49.49 invoke-rc.d: policy-rc.d denied execution of start.
#8 49.50 Setting up libdeflate0:amd64 (1.23-2) ...
#8 49.51 Setting up linux-libc-dev (6.12.107-1) ...
#8 49.52 Setting up libwebpdecoder3:amd64 (1.5.0-0.1) ...
#8 49.52 Setting up libctf-nobfd0:amd64 (2.44-3) ...
#8 49.53 Setting up libgcrypt20:amd64 (1.11.0-7+deb13u1) ...
#8 49.54 Setting up liblzo2-2:amd64 (2.10-3+b1) ...
#8 49.55 Setting up libxcb-shm0:amd64 (1.17.0-2+b1) ...
#8 49.56 Setting up libcom-err2:amd64 (1.47.2-3+b12) ...
#8 49.57 Setting up libgomp1:amd64 (14.2.0-19) ...
#8 49.58 Setting up bzip2 (1.0.8-6) ...
#8 49.59 Setting up libffi-dev:amd64 (3.4.8-2) ...
#8 49.60 Setting up libjbig0:amd64 (2.1-6.1+b2) ...
#8 49.61 Setting up libpcre2-16-0:amd64 (10.46-1~deb13u2) ...
#8 49.62 Setting up libsframe1:amd64 (2.44-3) ...
#8 49.63 Setting up libelf1t64:amd64 (0.192-4) ...
#8 49.64 Setting up libjansson4:amd64 (2.14-2+b3) ...
#8 49.65 Setting up libkrb5support0:amd64 (1.21.3-5+deb13u1) ...
#8 49.66 Setting up libsasl2-modules-db:amd64 (2.1.28+dfsg1-9) ...
#8 49.66 Setting up libsysprof-capture-4-dev:amd64 (48.0-2) ...
#8 49.67 Setting up xtrans-dev (1.4.0-1) ...
#8 49.68 Setting up libgraphite2-dev:amd64 (1.3.14-2+deb13u1) ...
#8 49.69 Setting up libpcre2-32-0:amd64 (10.46-1~deb13u2) ...
#8 49.70 Setting up libglib2.0-data (2.84.4-3~deb13u5) ...
#8 49.71 Setting up libpkgconf3:amd64 (1.8.1-4) ...
#8 49.72 Setting up rpcsvc-proto (1.4.3-1) ...
#8 49.73 Setting up libjpeg62-turbo:amd64 (1:2.1.5-4) ...
#8 49.74 Setting up libx11-data (2:1.8.12-1) ...
#8 49.75 Setting up make (4.4.1-2) ...
#8 49.76 Setting up libmpfr6:amd64 (4.2.2-1) ...
#8 49.76 Setting up xz-utils (5.8.1-1+deb13u1) ...
#8 49.77 update-alternatives: using /usr/bin/xz to provide /usr/bin/lzma (lzma) in auto mode
#8 49.77 update-alternatives: warning: skip creation of /usr/share/man/man1/lzma.1.gz because associated file /usr/share/man/man1/xz.1.gz (of link group lzma) doesn't exist
#8 49.77 update-alternatives: warning: skip creation of /usr/share/man/man1/unlzma.1.gz because associated file /usr/share/man/man1/unxz.1.gz (of link group lzma) doesn't exist
#8 49.77 update-alternatives: warning: skip creation of /usr/share/man/man1/lzcat.1.gz because associated file /usr/share/man/man1/xzcat.1.gz (of link group lzma) doesn't exist
#8 49.77 update-alternatives: warning: skip creation of /usr/share/man/man1/lzmore.1.gz because associated file /usr/share/man/man1/xzmore.1.gz (of link group lzma) doesn't exist
#8 49.77 update-alternatives: warning: skip creation of /usr/share/man/man1/lzless.1.gz because associated file /usr/share/man/man1/xzless.1.gz (of link group lzma) doesn't exist
#8 49.77 update-alternatives: warning: skip creation of /usr/share/man/man1/lzdiff.1.gz because associated file /usr/share/man/man1/xzdiff.1.gz (of link group lzma) doesn't exist
#8 49.77 update-alternatives: warning: skip creation of /usr/share/man/man1/lzcmp.1.gz because associated file /usr/share/man/man1/xzcmp.1.gz (of link group lzma) doesn't exist
#8 49.77 update-alternatives: warning: skip creation of /usr/share/man/man1/lzgrep.1.gz because associated file /usr/share/man/man1/xzgrep.1.gz (of link group lzma) doesn't exist
#8 49.77 update-alternatives: warning: skip creation of /usr/share/man/man1/lzegrep.1.gz because associated file /usr/share/man/man1/xzegrep.1.gz (of link group lzma) doesn't exist
#8 49.78 update-alternatives: warning: skip creation of /usr/share/man/man1/lzfgrep.1.gz because associated file /usr/share/man/man1/xzfgrep.1.gz (of link group lzma) doesn't exist
#8 49.78 Setting up libfribidi0:amd64 (1.0.16-1) ...
#8 49.79 Setting up libquadmath0:amd64 (14.2.0-19) ...
#8 49.80 Setting up fonts-dejavu-mono (2.37-8) ...
#8 49.82 Setting up libssl-dev:amd64 (3.5.7-1~deb13u2) ...
#8 49.83 Setting up libpng16-16t64:amd64 (1.6.48-1+deb13u5) ...
#8 49.84 Setting up libmpc3:amd64 (1.3.1-1+b3) ...
#8 49.85 Setting up libatomic1:amd64 (14.2.0-19) ...
#8 49.86 Setting up patch (2.8-2) ...
#8 49.87 Setting up fonts-dejavu-core (2.37-8) ...
#8 49.92 Setting up libsepol-dev:amd64 (3.8.1-1) ...
#8 49.92 Setting up pkgconf-bin (1.8.1-4) ...
#8 49.94 Setting up liblerc-dev:amd64 (4.0.0+ds-5) ...
#8 49.94 Setting up libk5crypto3:amd64 (1.21.3-5+deb13u1) ...
#8 49.95 Setting up libsasl2-2:amd64 (2.1.28+dfsg1-9) ...
#8 49.96 Setting up libwebp7:amd64 (1.5.0-0.1) ...
#8 49.97 Setting up liblzma-dev:amd64 (5.8.1-1+deb13u1) ...
#8 49.98 Setting up libubsan1:amd64 (14.2.0-19) ...
#8 49.99 Setting up libpcre2-posix3:amd64 (10.46-1~deb13u2) ...
#8 50.00 Setting up perl-modules-5.40 (5.40.1-6+deb13u1) ...
#8 50.01 Setting up libhwasan0:amd64 (14.2.0-19) ...
#8 50.02 Setting up libcrypt-dev:amd64 (1:4.4.38-1) ...
#8 50.03 Setting up libtiff6:amd64 (4.7.0-3+deb13u3) ...
#8 50.04 Setting up libasan8:amd64 (14.2.0-19) ...
#8 50.05 Setting up libx11-6:amd64 (2:1.8.12-1) ...
#8 50.06 Setting up libthai-data (0.1.29-2) ...
#8 50.09 Setting up xorg-sgml-doctools (1:1.11-1.1) ...
#8 50.10 Setting up libkrb5-3:amd64 (1.21.3-5+deb13u1) ...
#8 50.10 Setting up libicu76:amd64 (76.1-4) ...
#8 50.11 Setting up libtsan2:amd64 (14.2.0-19) ...
#8 50.12 Setting up libbinutils:amd64 (2.44-3) ...
#8 50.13 Setting up libisl23:amd64 (0.27-1) ...
#8 50.14 Setting up libsharpyuv-dev:amd64 (1.5.0-0.1) ...
#8 50.15 Setting up libc-dev-bin (2.41-12+deb13u4) ...
#8 50.16 Setting up libwebpmux3:amd64 (1.5.0-0.1) ...
#8 50.17 Setting up libtiffxx6:amd64 (4.7.0-3+deb13u3) ...
#8 50.18 Setting up libdeflate-dev:amd64 (1.23-2) ...
#8 50.19 Setting up libpython3.13-stdlib:amd64 (3.13.5-2+deb13u5) ...
#8 50.20 Setting up libxml2:amd64 (2.12.7+dfsg+really2.9.14-2.1+deb13u3) ...
#8 50.21 Setting up libcc1-0:amd64 (14.2.0-19) ...
#8 50.22 Setting up libldap2:amd64 (2.6.10+dfsg-1) ...
#8 50.23 Setting up libbrotli-dev:amd64 (1.1.0-2+b7) ...
#8 50.24 Setting up liblsan0:amd64 (14.2.0-19) ...
#8 50.25 Setting up libitm1:amd64 (14.2.0-19) ...
#8 50.25 Setting up libpython3-stdlib:amd64 (3.13.5-1) ...
#8 50.27 Setting up libctf0:amd64 (2.44-3) ...
#8 50.27 Setting up x11proto-dev (2024.1-1) ...
#8 50.29 Setting up libice6:amd64 (2:1.1.1-1) ...
#8 50.30 Setting up libxau-dev:amd64 (1:1.0.11-1) ...
#8 50.30 Setting up libxrender1:amd64 (1:0.9.12-1) ...
#8 50.31 Setting up libice-dev:amd64 (2:1.1.1-1) ...
#8 50.32 Setting up python3.13 (3.13.5-2+deb13u5) ...
#8 51.39 Setting up fontconfig-config (2.15.0-2.3) ...
#8 51.49 debconf: unable to initialize frontend: Dialog
#8 51.49 debconf: (TERM is not set, so the dialog frontend is not usable.)
#8 51.49 debconf: falling back to frontend: Readline
#8 51.50 debconf: unable to initialize frontend: Readline
#8 51.50 debconf: (This frontend requires a controlling tty.)
#8 51.50 debconf: falling back to frontend: Teletype
#8 51.51 debconf: unable to initialize frontend: Teletype
#8 51.51 debconf: (This frontend requires a controlling tty.)
#8 51.51 debconf: falling back to frontend: Noninteractive
#8 51.55 Setting up libfribidi-dev:amd64 (1.0.16-1) ...
#8 51.56 Setting up libwebpdemux2:amd64 (1.5.0-0.1) ...
#8 51.57 Setting up libjbig-dev:amd64 (2.1-6.1+b2) ...
#8 51.58 Setting up libxext6:amd64 (2:1.3.4-1+b3) ...
#8 51.59 Setting up python3 (3.13.5-1) ...
#8 51.60 running python rtupdate hooks for python3.13...
#8 51.98 running python post-rtupdate hooks for python3.13...
#8 52.09 Setting up pkgconf:amd64 (1.8.1-4) ...
#8 52.10 Setting up libperl5.40:amd64 (5.40.1-6+deb13u1) ...
#8 52.12 Setting up libthai0:amd64 (0.1.29-2+b1) ...
#8 52.13 Setting up libxdmcp-dev:amd64 (1:1.1.5-1) ...
#8 52.14 Setting up perl (5.40.1-6+deb13u1) ...
#8 52.16 Setting up libxml2-dev:amd64 (2.12.7+dfsg+really2.9.14-2.1+deb13u3) ...
#8 52.17 Setting up libglib2.0-0t64:amd64 (2.84.4-3~deb13u5) ...
#8 52.17 No schema files found: doing nothing.
#8 52.18 Setting up libgprofng0:amd64 (2.44-3) ...
#8 52.19 Setting up libwebp-dev:amd64 (1.5.0-0.1) ...
#8 52.20 Setting up python3-packaging (25.0-1) ...
#8 52.35 Setting up libfreetype6:amd64 (2.13.3+dfsg-1+deb13u1) ...
#8 52.36 Setting up shared-mime-info (2.4-5+b2) ...
#8 54.44 Setting up libgssapi-krb5-2:amd64 (1.21.3-5+deb13u1) ...
#8 54.45 Setting up icu-devtools (76.1-4) ...
#8 54.46 Setting up pkg-config:amd64 (1.8.1-4) ...
#8 54.47 Setting up cpp-14-x86-64-linux-gnu (14.2.0-19) ...
#8 54.48 Setting up gir1.2-glib-2.0:amd64 (2.84.4-3~deb13u5) ...
#8 54.49 Setting up libdpkg-perl (1.22.22) ...
#8 54.50 Setting up cpp-14 (14.2.0-19) ...
#8 54.51 Setting up libdatrie-dev:amd64 (0.2.13-3+b1) ...
#8 54.52 Setting up gir1.2-glib-2.0-dev:amd64 (2.84.4-3~deb13u5) ...
#8 54.53 Setting up libxslt1.1:amd64 (1.1.35-1.2+deb13u3) ...
#8 54.54 Setting up libc6-dev:amd64 (2.41-12+deb13u4) ...
#8 54.55 Setting up libharfbuzz0b:amd64 (10.2.0-1+deb13u1) ...
#8 54.56 Setting up libgdk-pixbuf-2.0-0:amd64 (2.42.12+dfsg-4+deb13u1) ...
#8 54.59 Setting up libfontconfig1:amd64 (2.15.0-2.3) ...
#8 54.60 Setting up libgcc-14-dev:amd64 (14.2.0-19) ...
#8 54.61 Setting up libstdc++-14-dev:amd64 (14.2.0-19) ...
#8 54.63 Setting up libsm6:amd64 (2:1.2.6-1) ...
#8 54.64 Setting up libicu-dev:amd64 (76.1-4) ...
#8 54.66 Setting up binutils-x86-64-linux-gnu (2.44-3) ...
#8 54.67 Setting up libbz2-dev:amd64 (1.0.8-6) ...
#8 54.69 Setting up cpp-x86-64-linux-gnu (4:14.2.0-1) ...
#8 54.70 Setting up fontconfig (2.15.0-2.3) ...
#8 54.71 Regenerating fonts cache... done.
#8 56.73 Setting up libgio-2.0-dev-bin (2.84.4-3~deb13u5) ...
#8 57.00 Setting up libxft2:amd64 (2.3.6-1+b4) ...
#8 57.01 Setting up libharfbuzz-icu0:amd64 (10.2.0-1+deb13u1) ...
#8 57.02 Setting up libxcb1-dev:amd64 (1.17.0-2+b1) ...
#8 57.06 Setting up libgdk-pixbuf-xlib-2.0-0:amd64 (2.40.2-5) ...
#8 57.07 Setting up libxslt1-dev:amd64 (1.1.35-1.2+deb13u3) ...
#8 57.08 Setting up libpcre2-dev:amd64 (10.46-1~deb13u2) ...
#8 57.10 Setting up gir1.2-gdkpixbuf-2.0:amd64 (2.42.12+dfsg-4+deb13u1) ...
#8 57.12 Setting up libgirepository-2.0-0:amd64 (2.84.4-3~deb13u5) ...
#8 57.14 Setting up libselinux1-dev:amd64 (3.8.1-1) ...
#8 57.16 Setting up libpango-1.0-0:amd64 (1.56.3-1) ...
#8 57.17 Setting up libpq5:amd64 (17.11-0+deb13u1) ...
#8 57.19 Setting up libx11-dev:amd64 (2:1.8.12-1) ...
#8 57.20 Setting up libglib2.0-bin (2.84.4-3~deb13u5) ...
#8 57.21 Setting up libpq-dev (17.11-0+deb13u1) ...
#8 57.22 Setting up libharfbuzz-gobject0:amd64 (10.2.0-1+deb13u1) ...
#8 57.23 Setting up binutils (2.44-3) ...
#8 57.26 Setting up libcairo2:amd64 (1.18.4-1+b1) ...
#8 57.27 Setting up dpkg-dev (1.22.22) ...
#8 57.29 Setting up libxcb-shm0-dev:amd64 (1.17.0-2+b1) ...
#8 57.30 Setting up libexpat1-dev:amd64 (2.8.3-1~deb13u1) ...
#8 57.30 Setting up libharfbuzz-cairo0:amd64 (10.2.0-1+deb13u1) ...
#8 57.31 Setting up libjpeg62-turbo-dev:amd64 (1:2.1.5-4) ...
#8 57.32 Setting up uuid-dev:amd64 (2.41.5-0+deb13u1) ...
#8 57.33 Setting up libxcb-render0-dev:amd64 (1.17.0-2+b1) ...
#8 57.34 Setting up libxext-dev:amd64 (2:1.3.4-1+b3) ...
#8 57.35 Setting up libthai-dev:amd64 (0.1.29-2+b1) ...
#8 57.36 Setting up zlib1g-dev:amd64 (1:1.3.dfsg+really1.3.1-1+b1) ...
#8 57.37 Setting up libgdk-pixbuf2.0-bin (2.42.12+dfsg-4+deb13u1) ...
#8 57.38 Setting up cpp (4:14.2.0-1) ...
#8 57.40 Setting up libharfbuzz-subset0:amd64 (10.2.0-1+deb13u1) ...
#8 57.41 Setting up libcairo-gobject2:amd64 (1.18.4-1+b1) ...
#8 57.42 Setting up gcc-14-x86-64-linux-gnu (14.2.0-19) ...
#8 57.42 Setting up libpangoft2-1.0-0:amd64 (1.56.3-1) ...
#8 57.43 Setting up libxrender-dev:amd64 (1:0.9.12-1) ...
#8 57.44 Setting up libpangocairo-1.0-0:amd64 (1.56.3-1) ...
#8 57.45 Setting up libcairo-script-interpreter2:amd64 (1.18.4-1+b1) ...
#8 57.46 Setting up libblkid-dev:amd64 (2.41.5-0+deb13u1) ...
#8 57.47 Setting up gir1.2-freedesktop:amd64 (1.84.0-1) ...
#8 57.48 Setting up girepository-tools:amd64 (2.84.4-3~deb13u5) ...
#8 57.49 Setting up libpangoxft-1.0-0:amd64 (1.56.3-1) ...
#8 57.50 Setting up gcc-x86-64-linux-gnu (4:14.2.0-1) ...
#8 57.51 Setting up libsm-dev:amd64 (2:1.2.6-1) ...
#8 57.52 Setting up libpng-dev:amd64 (1.6.48-1+deb13u5) ...
#8 57.53 Setting up pango1.0-tools (1.56.3-1) ...
#8 57.54 Setting up libjpeg-dev:amd64 (1:2.1.5-4) ...
#8 57.55 Setting up gir1.2-harfbuzz-0.0:amd64 (10.2.0-1+deb13u1) ...
#8 57.56 Setting up gcc-14 (14.2.0-19) ...
#8 57.57 Setting up libfreetype-dev:amd64 (2.13.3+dfsg-1+deb13u1) ...
#8 57.57 Setting up gir1.2-pango-1.0:amd64 (1.56.3-1) ...
#8 57.58 Setting up libtiff-dev:amd64 (4.7.0-3+deb13u3) ...
#8 57.59 Setting up gir1.2-freedesktop-dev:amd64 (1.84.0-1) ...
#8 57.60 Setting up g++-14-x86-64-linux-gnu (14.2.0-19) ...
#8 57.61 Setting up g++-x86-64-linux-gnu (4:14.2.0-1) ...
#8 57.62 Setting up g++-14 (14.2.0-19) ...
#8 57.63 Setting up libmount-dev:amd64 (2.41.5-0+deb13u1) ...
#8 57.63 Setting up libglib2.0-dev-bin (2.84.4-3~deb13u5) ...
#8 57.64 Setting up libgio-2.0-dev:amd64 (2.84.4-3~deb13u5) ...
#8 57.65 Setting up libfontconfig-dev:amd64 (2.15.0-2.3) ...
#8 57.66 Setting up gcc (4:14.2.0-1) ...
#8 57.68 Setting up libglib2.0-dev:amd64 (2.84.4-3~deb13u5) ...
#8 57.69 Setting up g++ (4:14.2.0-1) ...
#8 57.70 update-alternatives: using /usr/bin/g++ to provide /usr/bin/c++ (c++) in auto mode
#8 57.71 Setting up build-essential (12.12) ...
#8 57.72 Setting up libcairo2-dev:amd64 (1.18.4-1+b1) ...
#8 57.73 Setting up libxft-dev:amd64 (2.3.6-1+b4) ...
#8 57.75 Setting up libgdk-pixbuf-2.0-dev:amd64 (2.42.12+dfsg-4+deb13u1) ...
#8 57.76 Setting up libharfbuzz-dev:amd64 (10.2.0-1+deb13u1) ...
#8 57.76 Setting up libgdk-pixbuf-xlib-2.0-dev:amd64 (2.40.2-5) ...
#8 57.77 Setting up libpango1.0-dev:amd64 (1.56.3-1) ...
#8 57.78 Processing triggers for libc-bin (2.41-12+deb13u4) ...
#8 DONE 59.7s

#11 [builder 3/7] RUN python -m venv /opt/venv
#11 DONE 5.2s

#12 [builder 4/7] COPY requirements/locks/linux-amd64-py312.txt requirements/locks/
#12 DONE 0.1s

#13 [builder 5/7] COPY requirements/artifacts/linux-amd64-py312.json requirements/artifacts/
#13 DONE 0.0s

#14 [builder 6/7] COPY docker/lock-requirements.py docker/
#14 DONE 0.0s

#15 [builder 7/7] RUN python docker/lock-requirements.py         --lock requirements/locks/linux-amd64-py312.txt         --artifacts requirements/artifacts/linux-amd64-py312.json         --out /tmp/requirements.lock.txt     && python -m pip install --no-cache-dir --require-hashes         -r /tmp/requirements.lock.txt     && rm -f /tmp/requirements.lock.txt
#15 0.561 {"requirements": 149, "direct": 1, "out": "/tmp/requirements.lock.txt", "status": "PASS"}
#15 1.778 Collecting en_core_web_sm@ https://github.com/explosion/spacy-models/releases/download/en_core_web_sm-3.8.0/en_core_web_sm-3.8.0-py3-none-any.whl#sha256=1932429db727d4bff3deed6b34cfc05df17794f4a52eeb26cf8928f7c1a0fb85 (from -r /tmp/requirements.lock.txt (line 51))
#15 2.651   Downloading https://github.com/explosion/spacy-models/releases/download/en_core_web_sm-3.8.0/en_core_web_sm-3.8.0-py3-none-any.whl (12.8 MB)
#15 3.801      ━━━━━━━━━━━━━━━━━━━━━━━━━━━━━━━━━━━━━━━━ 12.8/12.8 MB 14.6 MB/s eta 0:00:00
#15 4.141 Collecting aiohappyeyeballs==2.7.1 (from -r /tmp/requirements.lock.txt (line 6))
#15 4.496   Downloading aiohappyeyeballs-2.7.1-py3-none-any.whl (15 kB)
#15 5.487 Collecting aiohttp==3.14.3 (from -r /tmp/requirements.lock.txt (line 7))
#15 5.582   Downloading aiohttp-3.14.3-cp312-cp312-manylinux2014_x86_64.manylinux_2_17_x86_64.manylinux_2_28_x86_64.whl (1.8 MB)
#15 6.294      ━━━━━━━━━━━━━━━━━━━━━━━━━━━━━━━━━━━━━━━━ 1.8/1.8 MB 4.7 MB/s eta 0:00:00
#15 6.412 Collecting aiosignal==1.4.0 (from -r /tmp/requirements.lock.txt (line 8))
#15 6.510   Downloading aiosignal-1.4.0-py3-none-any.whl (7.5 kB)
#15 6.623 Collecting annotated-doc==0.0.5 (from -r /tmp/requirements.lock.txt (line 9))
#15 6.741   Downloading annotated_doc-0.0.5-py3-none-any.whl (5.3 kB)
#15 6.861 Collecting annotated-types==0.8.0 (from -r /tmp/requirements.lock.txt (line 10))
#15 6.958   Downloading annotated_types-0.8.0-py3-none-any.whl (13 kB)
#15 7.076 Collecting anyio==4.15.1 (from -r /tmp/requirements.lock.txt (line 11))
#15 7.172   Downloading anyio-4.15.1-py3-none-any.whl (132 kB)
#15 7.291 Collecting APScheduler==3.11.3 (from -r /tmp/requirements.lock.txt (line 12))
#15 7.386   Downloading apscheduler-3.11.3-py3-none-any.whl (66 kB)
#15 7.500 Collecting arabic-reshaper==3.0.1 (from -r /tmp/requirements.lock.txt (line 13))
#15 7.597   Downloading arabic_reshaper-3.0.1-py3-none-any.whl (20 kB)
#15 7.705 Collecting asgiref==3.12.1 (from -r /tmp/requirements.lock.txt (line 14))
#15 7.805   Downloading asgiref-3.12.1-py3-none-any.whl (25 kB)
#15 7.911 Collecting asn1crypto==1.5.1 (from -r /tmp/requirements.lock.txt (line 15))
#15 8.005   Downloading asn1crypto-1.5.1-py2.py3-none-any.whl (105 kB)
#15 8.119 Collecting attrs==26.1.0 (from -r /tmp/requirements.lock.txt (line 16))
#15 8.216   Downloading attrs-26.1.0-py3-none-any.whl (67 kB)
#15 8.333 Collecting beautifulsoup4==4.15.0 (from -r /tmp/requirements.lock.txt (line 17))
#15 8.432   Downloading beautifulsoup4-4.15.0-py3-none-any.whl (109 kB)
#15 8.547 Collecting bleach==6.4.0 (from -r /tmp/requirements.lock.txt (line 18))
#15 8.641   Downloading bleach-6.4.0-py3-none-any.whl (165 kB)
#15 8.789 Collecting blis==1.3.3 (from -r /tmp/requirements.lock.txt (line 19))
#15 8.889   Downloading blis-1.3.3-cp312-cp312-manylinux2014_x86_64.manylinux_2_17_x86_64.whl (11.4 MB)
#15 9.387      ━━━━━━━━━━━━━━━━━━━━━━━━━━━━━━━━━━━━━━━━ 11.4/11.4 MB 22.9 MB/s eta 0:00:00
#15 9.509 Collecting catalogue==2.0.10 (from -r /tmp/requirements.lock.txt (line 20))
#15 9.609   Downloading catalogue-2.0.10-py3-none-any.whl (17 kB)
#15 9.735 Collecting certifi==2026.7.22 (from -r /tmp/requirements.lock.txt (line 21))
#15 9.835   Downloading certifi-2026.7.22-py3-none-any.whl (136 kB)
#15 10.05 Collecting cffi==2.1.1 (from -r /tmp/requirements.lock.txt (line 22))
#15 10.15   Downloading cffi-2.1.1-cp312-cp312-manylinux2014_x86_64.manylinux_2_17_x86_64.whl (221 kB)
#15 10.28 Collecting chardet==7.6.0 (from -r /tmp/requirements.lock.txt (line 23))
#15 10.38   Downloading chardet-7.6.0-cp312-cp312-manylinux2014_x86_64.manylinux_2_17_x86_64.manylinux_2_28_x86_64.whl (1.5 MB)
#15 10.43      ━━━━━━━━━━━━━━━━━━━━━━━━━━━━━━━━━━━━━━━━ 1.5/1.5 MB 30.4 MB/s eta 0:00:00
#15 10.68 Collecting charset-normalizer==3.5.1 (from -r /tmp/requirements.lock.txt (line 24))
#15 10.78   Downloading charset_normalizer-3.5.1-cp312-cp312-manylinux2014_x86_64.manylinux_2_17_x86_64.manylinux_2_28_x86_64.whl (248 kB)
#15 10.90 Collecting click==8.5.0 (from -r /tmp/requirements.lock.txt (line 25))
#15 11.00   Downloading click-8.5.0-py3-none-any.whl (125 kB)
#15 11.11 Collecting cloudpathlib==0.25.0 (from -r /tmp/requirements.lock.txt (line 26))
#15 11.21   Downloading cloudpathlib-0.25.0-py3-none-any.whl (66 kB)
#15 11.32 Collecting confection==1.3.3 (from -r /tmp/requirements.lock.txt (line 27))
#15 11.42   Downloading confection-1.3.3-py3-none-any.whl (35 kB)
#15 11.93 Collecting coverage==7.16.1 (from -r /tmp/requirements.lock.txt (line 28))
#15 12.03   Downloading coverage-7.16.1-cp312-cp312-manylinux1_x86_64.manylinux_2_28_x86_64.manylinux_2_5_x86_64.whl (258 kB)
#15 12.40 Collecting cryptography==50.0.1 (from -r /tmp/requirements.lock.txt (line 29))
#15 12.49   Downloading cryptography-50.0.1-cp311-abi3-manylinux_2_34_x86_64.whl (4.7 MB)
#15 12.78      ━━━━━━━━━━━━━━━━━━━━━━━━━━━━━━━━━━━━━━━━ 4.7/4.7 MB 17.0 MB/s eta 0:00:00
#15 12.89 Collecting cssselect2==0.10.1 (from -r /tmp/requirements.lock.txt (line 30))
#15 12.98   Downloading cssselect2-0.10.1-py3-none-any.whl (15 kB)
#15 13.10 Collecting cymem==2.0.13 (from -r /tmp/requirements.lock.txt (line 31))
#15 13.20   Downloading cymem-2.0.13-cp312-cp312-manylinux2014_x86_64.manylinux_2_17_x86_64.whl (260 kB)
#15 13.32 Collecting diff-match-patch==20241021 (from -r /tmp/requirements.lock.txt (line 32))
#15 13.42   Downloading diff_match_patch-20241021-py3-none-any.whl (43 kB)
#15 13.60 Collecting Django==5.2.17 (from -r /tmp/requirements.lock.txt (line 33))
#15 13.70   Downloading django-5.2.17-py3-none-any.whl (8.3 MB)
#15 14.13      ━━━━━━━━━━━━━━━━━━━━━━━━━━━━━━━━━━━━━━━━ 8.3/8.3 MB 19.9 MB/s eta 0:00:00
#15 14.26 Collecting django-apscheduler==0.7.0 (from -r /tmp/requirements.lock.txt (line 34))
#15 14.35   Downloading django_apscheduler-0.7.0-py3-none-any.whl (24 kB)
#15 14.46 Collecting django-auditlog==3.4.1 (from -r /tmp/requirements.lock.txt (line 35))
#15 14.57   Downloading django_auditlog-3.4.1-py3-none-any.whl (49 kB)
#15 14.69 Collecting django-axes==8.3.1 (from -r /tmp/requirements.lock.txt (line 36))
#15 14.79   Downloading django_axes-8.3.1-py3-none-any.whl (74 kB)
#15 14.91 Collecting django-cors-headers==4.9.0 (from -r /tmp/requirements.lock.txt (line 37))
#15 15.02   Downloading django_cors_headers-4.9.0-py3-none-any.whl (12 kB)
#15 15.12 Collecting django-environ==0.14.0 (from -r /tmp/requirements.lock.txt (line 38))
#15 15.22   Downloading django_environ-0.14.0-py3-none-any.whl (20 kB)
#15 15.33 Collecting django-filter==26.1 (from -r /tmp/requirements.lock.txt (line 39))
#15 15.43   Downloading django_filter-26.1-py3-none-any.whl (94 kB)
#15 15.56 Collecting django-import-export==4.4.1 (from -r /tmp/requirements.lock.txt (line 40))
#15 15.66   Downloading django_import_export-4.4.1-py3-none-any.whl (157 kB)
#15 15.78 Collecting django-ipware==7.0.1 (from -r /tmp/requirements.lock.txt (line 41))
#15 15.88   Downloading django_ipware-7.0.1-py2.py3-none-any.whl (6.4 kB)
#15 15.99 Collecting django-mathfilters==1.0.0 (from -r /tmp/requirements.lock.txt (line 42))
#15 16.08   Downloading django_mathfilters-1.0.0-py3-none-any.whl (5.9 kB)
#15 16.19 Collecting django-model-utils==5.0.0 (from -r /tmp/requirements.lock.txt (line 43))
#15 16.29   Downloading django_model_utils-5.0.0-py3-none-any.whl (42 kB)
#15 16.40 Collecting django-redis==5.4.0 (from -r /tmp/requirements.lock.txt (line 44))
#15 16.49   Downloading django_redis-5.4.0-py3-none-any.whl (31 kB)
#15 16.60 Collecting django-simple-history==3.13.0 (from -r /tmp/requirements.lock.txt (line 45))
#15 16.70   Downloading django_simple_history-3.13.0-py3-none-any.whl (82 kB)
#15 16.81 Collecting django-storages==1.14.6 (from -r /tmp/requirements.lock.txt (line 46))
#15 16.91   Downloading django_storages-1.14.6-py3-none-any.whl (33 kB)
#15 17.02 Collecting django-widget-tweaks==1.5.1 (from -r /tmp/requirements.lock.txt (line 47))
#15 17.11   Downloading django_widget_tweaks-1.5.1-py3-none-any.whl (9.6 kB)
#15 17.24 Collecting djangorestframework==3.17.2 (from -r /tmp/requirements.lock.txt (line 48))
#15 17.33   Downloading djangorestframework-3.17.2-py3-none-any.whl (899 kB)
#15 17.38      ━━━━━━━━━━━━━━━━━━━━━━━━━━━━━━━━━━━━━━ 899.1/899.1 kB 19.2 MB/s eta 0:00:00
#15 17.49 Collecting djangorestframework_simplejwt==5.5.1 (from -r /tmp/requirements.lock.txt (line 49))
#15 17.59   Downloading djangorestframework_simplejwt-5.5.1-py3-none-any.whl (107 kB)
#15 17.71 Collecting drf-yasg==1.21.15 (from -r /tmp/requirements.lock.txt (line 50))
#15 17.83   Downloading drf_yasg-1.21.15-py3-none-any.whl (4.9 MB)
#15 18.02      ━━━━━━━━━━━━━━━━━━━━━━━━━━━━━━━━━━━━━━━━ 4.9/4.9 MB 25.4 MB/s eta 0:00:00
#15 18.14 Collecting et_xmlfile==2.0.0 (from -r /tmp/requirements.lock.txt (line 52))
#15 18.23   Downloading et_xmlfile-2.0.0-py3-none-any.whl (18 kB)
#15 18.38 Collecting frozenlist==1.8.0 (from -r /tmp/requirements.lock.txt (line 53))
#15 18.48   Downloading frozenlist-1.8.0-cp312-cp312-manylinux1_x86_64.manylinux_2_28_x86_64.manylinux_2_5_x86_64.whl (242 kB)
#15 18.61 Collecting future==1.0.0 (from -r /tmp/requirements.lock.txt (line 54))
#15 18.70   Downloading future-1.0.0-py3-none-any.whl (491 kB)
#15 18.84 Collecting geographiclib==2.1 (from -r /tmp/requirements.lock.txt (line 55))
#15 18.94   Downloading geographiclib-2.1-py3-none-any.whl (40 kB)
#15 19.06 Collecting geopy==2.5.0 (from -r /tmp/requirements.lock.txt (line 56))
#15 19.16   Downloading geopy-2.5.0-py3-none-any.whl (114 kB)
#15 19.29 Collecting google-api-core==2.38.0 (from -r /tmp/requirements.lock.txt (line 57))
#15 19.39   Downloading google_api_core-2.38.0-py3-none-any.whl (187 kB)
#15 19.54 Collecting google-api-python-client==2.200.0 (from -r /tmp/requirements.lock.txt (line 58))
#15 19.63   Downloading google_api_python_client-2.200.0-py3-none-any.whl (16.1 MB)
#15 20.57      ━━━━━━━━━━━━━━━━━━━━━━━━━━━━━━━━━━━━━━━━ 16.1/16.1 MB 17.2 MB/s eta 0:00:00
#15 20.74 Collecting google-auth==2.58.0 (from -r /tmp/requirements.lock.txt (line 59))
#15 20.84   Downloading google_auth-2.58.0-py3-none-any.whl (262 kB)
#15 20.95 Collecting google-auth-httplib2==0.4.2 (from -r /tmp/requirements.lock.txt (line 60))
#15 21.05   Downloading google_auth_httplib2-0.4.2-py3-none-any.whl (9.5 kB)
#15 21.16 Collecting google-auth-oauthlib==1.4.1 (from -r /tmp/requirements.lock.txt (line 61))
#15 21.25   Downloading google_auth_oauthlib-1.4.1-py3-none-any.whl (19 kB)
#15 21.36 Collecting google-cloud-core==2.7.0 (from -r /tmp/requirements.lock.txt (line 62))
#15 21.46   Downloading google_cloud_core-2.7.0-py3-none-any.whl (31 kB)
#15 21.58 Collecting google-cloud-storage==3.0.0 (from -r /tmp/requirements.lock.txt (line 63))
#15 21.68   Downloading google_cloud_storage-3.0.0-py2.py3-none-any.whl (173 kB)
#15 21.83 Collecting google-crc32c==1.8.0 (from -r /tmp/requirements.lock.txt (line 64))
#15 21.93   Downloading google_crc32c-1.8.0-cp312-cp312-manylinux1_x86_64.manylinux2014_x86_64.manylinux_2_17_x86_64.manylinux_2_5_x86_64.whl (33 kB)
#15 22.04 Collecting google-resumable-media==2.10.2 (from -r /tmp/requirements.lock.txt (line 65))
#15 22.13   Downloading google_resumable_media-2.10.2-py3-none-any.whl (81 kB)
#15 22.24 Collecting googleapis-common-protos==1.75.3 (from -r /tmp/requirements.lock.txt (line 66))
#15 22.34   Downloading googleapis_common_protos-1.75.3-py3-none-any.whl (306 kB)
#15 22.46 Collecting gunicorn==23.0.0 (from -r /tmp/requirements.lock.txt (line 67))
#15 22.56   Downloading gunicorn-23.0.0-py3-none-any.whl (85 kB)
#15 22.67 Collecting h11==0.16.0 (from -r /tmp/requirements.lock.txt (line 68))
#15 22.76   Downloading h11-0.16.0-py3-none-any.whl (37 kB)
#15 22.87 Collecting html5lib==1.1 (from -r /tmp/requirements.lock.txt (line 69))
#15 22.97   Downloading html5lib-1.1-py2.py3-none-any.whl (112 kB)
#15 23.08 Collecting httpcore==1.0.9 (from -r /tmp/requirements.lock.txt (line 70))
#15 23.18   Downloading httpcore-1.0.9-py3-none-any.whl (78 kB)
#15 23.29 Collecting httplib2==0.32.0 (from -r /tmp/requirements.lock.txt (line 71))
#15 23.38   Downloading httplib2-0.32.0-py3-none-any.whl (93 kB)
#15 23.56 Collecting httpx==0.28.1 (from -r /tmp/requirements.lock.txt (line 72))
#15 23.66   Downloading httpx-0.28.1-py3-none-any.whl (73 kB)
#15 23.78 Collecting idna==3.20 (from -r /tmp/requirements.lock.txt (line 73))
#15 23.88   Downloading idna-3.20-py3-none-any.whl (69 kB)
#15 24.00 Collecting inflection==0.5.1 (from -r /tmp/requirements.lock.txt (line 74))
#15 24.10   Downloading inflection-0.5.1-py2.py3-none-any.whl (9.5 kB)
#15 24.21 Collecting Jinja2==3.1.6 (from -r /tmp/requirements.lock.txt (line 75))
#15 24.31   Downloading jinja2-3.1.6-py3-none-any.whl (134 kB)
#15 24.61 Collecting lxml==6.1.3 (from -r /tmp/requirements.lock.txt (line 76))
#15 24.70   Downloading lxml-6.1.3-cp312-cp312-manylinux_2_26_x86_64.manylinux_2_28_x86_64.whl (5.2 MB)
#15 24.95      ━━━━━━━━━━━━━━━━━━━━━━━━━━━━━━━━━━━━━━━━ 5.2/5.2 MB 21.8 MB/s eta 0:00:00
#15 25.07 Collecting markdown-it-py==4.2.0 (from -r /tmp/requirements.lock.txt (line 77))
#15 25.17   Downloading markdown_it_py-4.2.0-py3-none-any.whl (91 kB)
#15 25.32 Collecting MarkupSafe==3.0.3 (from -r /tmp/requirements.lock.txt (line 78))
#15 25.42   Downloading markupsafe-3.0.3-cp312-cp312-manylinux2014_x86_64.manylinux_2_17_x86_64.manylinux_2_28_x86_64.whl (22 kB)
#15 25.52 Collecting mdurl==0.1.2 (from -r /tmp/requirements.lock.txt (line 79))
#15 25.61   Downloading mdurl-0.1.2-py3-none-any.whl (10.0 kB)
#15 25.77 Collecting msgpack==1.2.2 (from -r /tmp/requirements.lock.txt (line 80))
#15 25.86   Downloading msgpack-1.2.2-cp312-cp312-manylinux2014_x86_64.manylinux_2_17_x86_64.manylinux_2_28_x86_64.whl (420 kB)
#15 26.20 Collecting multidict==6.9.0 (from -r /tmp/requirements.lock.txt (line 81))
#15 26.30   Downloading multidict-6.9.0-cp312-cp312-manylinux2014_x86_64.manylinux_2_17_x86_64.manylinux_2_28_x86_64.whl (317 kB)
#15 26.45 Collecting murmurhash==1.0.15 (from -r /tmp/requirements.lock.txt (line 82))
#15 26.55   Downloading murmurhash-1.0.15-cp312-cp312-manylinux1_x86_64.manylinux2014_x86_64.manylinux_2_17_x86_64.manylinux_2_5_x86_64.whl (134 kB)
#15 26.92 Collecting numpy==2.5.3 (from -r /tmp/requirements.lock.txt (line 83))
#15 27.02   Downloading numpy-2.5.3-cp312-cp312-manylinux_2_27_x86_64.manylinux_2_28_x86_64.whl (16.7 MB)
#15 27.78      ━━━━━━━━━━━━━━━━━━━━━━━━━━━━━━━━━━━━━━━━ 16.7/16.7 MB 22.2 MB/s eta 0:00:00
#15 27.90 Collecting oauthlib==3.3.1 (from -r /tmp/requirements.lock.txt (line 84))
#15 28.00   Downloading oauthlib-3.3.1-py3-none-any.whl (160 kB)
#15 28.12 Collecting openpyxl==3.1.5 (from -r /tmp/requirements.lock.txt (line 85))
#15 28.22   Downloading openpyxl-3.1.5-py2.py3-none-any.whl (250 kB)
#15 28.35 Collecting opentelemetry-api==1.44.0 (from -r /tmp/requirements.lock.txt (line 86))
#15 28.44   Downloading opentelemetry_api-1.44.0-py3-none-any.whl (60 kB)
#15 28.55 Collecting oscrypto==1.3.0 (from -r /tmp/requirements.lock.txt (line 87))
#15 28.64   Downloading oscrypto-1.3.0-py2.py3-none-any.whl (194 kB)
#15 28.76 Collecting packaging==26.3 (from -r /tmp/requirements.lock.txt (line 88))
#15 28.86   Downloading packaging-26.3-py3-none-any.whl (129 kB)
#15 29.07 Collecting pandas==3.0.6 (from -r /tmp/requirements.lock.txt (line 89))
#15 29.16   Downloading pandas-3.0.6-cp312-cp312-manylinux_2_24_x86_64.manylinux_2_28_x86_64.whl (10.8 MB)
#15 29.62      ━━━━━━━━━━━━━━━━━━━━━━━━━━━━━━━━━━━━━━━━ 10.8/10.8 MB 23.7 MB/s eta 0:00:00
#15 29.77 Collecting pdfkit==1.0.0 (from -r /tmp/requirements.lock.txt (line 90))
#15 29.87   Downloading pdfkit-1.0.0-py3-none-any.whl (12 kB)
#15 30.03 Collecting phonenumbers==9.0.37 (from -r /tmp/requirements.lock.txt (line 91))
#15 30.13   Downloading phonenumbers-9.0.37-py2.py3-none-any.whl (2.6 MB)
#15 30.24      ━━━━━━━━━━━━━━━━━━━━━━━━━━━━━━━━━━━━━━━━ 2.6/2.6 MB 24.5 MB/s eta 0:00:00
#15 30.49 Collecting pillow==12.3.0 (from -r /tmp/requirements.lock.txt (line 92))
#15 30.61   Downloading pillow-12.3.0-cp312-cp312-manylinux_2_27_x86_64.manylinux_2_28_x86_64.whl (6.9 MB)
#15 30.93      ━━━━━━━━━━━━━━━━━━━━━━━━━━━━━━━━━━━━━━━━ 6.9/6.9 MB 21.5 MB/s eta 0:00:00
#15 31.07 Collecting preshed==3.0.13 (from -r /tmp/requirements.lock.txt (line 93))
#15 31.17   Downloading preshed-3.0.13-cp312-cp312-manylinux2014_x86_64.manylinux_2_17_x86_64.whl (868 kB)
#15 31.20      ━━━━━━━━━━━━━━━━━━━━━━━━━━━━━━━━━━━━━━ 869.0/869.0 kB 26.9 MB/s eta 0:00:00
#15 31.37 Collecting propcache==0.5.4 (from -r /tmp/requirements.lock.txt (line 94))
#15 31.47   Downloading propcache-0.5.4-cp312-cp312-manylinux2014_x86_64.manylinux_2_17_x86_64.manylinux_2_28_x86_64.whl (250 kB)
#15 31.66 Collecting proto-plus==1.28.4 (from -r /tmp/requirements.lock.txt (line 95))
#15 31.75   Downloading proto_plus-1.28.4-py3-none-any.whl (50 kB)
#15 31.99 Collecting protobuf==7.36.2 (from -r /tmp/requirements.lock.txt (line 96))
#15 32.08   Downloading protobuf-7.36.2-cp310-abi3-manylinux2014_x86_64.whl (343 kB)
#15 32.25 Collecting psycopg2-binary==2.9.13 (from -r /tmp/requirements.lock.txt (line 97))
#15 32.35   Downloading psycopg2_binary-2.9.13-cp312-cp312-manylinux2014_x86_64.manylinux_2_17_x86_64.whl (4.3 MB)
#15 32.54      ━━━━━━━━━━━━━━━━━━━━━━━━━━━━━━━━━━━━━━━━ 4.3/4.3 MB 23.1 MB/s eta 0:00:00
#15 32.65 Collecting pyasn1==0.6.4 (from -r /tmp/requirements.lock.txt (line 98))
#15 32.75   Downloading pyasn1-0.6.4-py3-none-any.whl (84 kB)
#15 32.87 Collecting pyasn1_modules==0.4.2 (from -r /tmp/requirements.lock.txt (line 99))
#15 32.96   Downloading pyasn1_modules-0.4.2-py3-none-any.whl (181 kB)
#15 33.09 Collecting pycountry==24.6.1 (from -r /tmp/requirements.lock.txt (line 100))
#15 33.18   Downloading pycountry-24.6.1-py3-none-any.whl (6.3 MB)
#15 33.57      ━━━━━━━━━━━━━━━━━━━━━━━━━━━━━━━━━━━━━━━━ 6.3/6.3 MB 16.5 MB/s eta 0:00:00
#15 33.68 Collecting pycparser==3.0 (from -r /tmp/requirements.lock.txt (line 101))
#15 33.78   Downloading pycparser-3.0-py3-none-any.whl (48 kB)
#15 33.98 Collecting pydantic==2.13.5 (from -r /tmp/requirements.lock.txt (line 102))
#15 34.07   Downloading pydantic-2.13.5-py3-none-any.whl (472 kB)
#15 34.89 Collecting pydantic_core==2.46.5 (from -r /tmp/requirements.lock.txt (line 103))
#15 34.99   Downloading pydantic_core-2.46.5-cp312-cp312-manylinux_2_17_x86_64.manylinux2014_x86_64.whl (2.1 MB)
#15 35.12      ━━━━━━━━━━━━━━━━━━━━━━━━━━━━━━━━━━━━━━━━ 2.1/2.1 MB 16.3 MB/s eta 0:00:00
#15 35.24 Collecting Pygments==2.21.0 (from -r /tmp/requirements.lock.txt (line 104))
#15 35.33   Downloading pygments-2.21.0-py3-none-any.whl (1.3 MB)
#15 35.38      ━━━━━━━━━━━━━━━━━━━━━━━━━━━━━━━━━━━━━━━━ 1.3/1.3 MB 27.8 MB/s eta 0:00:00
#15 35.50 Collecting pyHanko==0.37.0 (from -r /tmp/requirements.lock.txt (line 105))
#15 35.61   Downloading pyhanko-0.37.0-py3-none-any.whl (477 kB)
#15 35.74 Collecting pyhanko-certvalidator==0.32.1 (from -r /tmp/requirements.lock.txt (line 106))
#15 35.84   Downloading pyhanko_certvalidator-0.32.1-py3-none-any.whl (115 kB)
#15 35.96 Collecting PyJWT==2.13.0 (from -r /tmp/requirements.lock.txt (line 107))
#15 36.05   Downloading pyjwt-2.13.0-py3-none-any.whl (31 kB)
#15 36.31 Collecting pymupdf==1.28.2 (from -r /tmp/requirements.lock.txt (line 108))
#15 36.41   Downloading pymupdf-1.28.2-cp310-abi3-manylinux_2_28_x86_64.whl (25.8 MB)
#15 37.93      ━━━━━━━━━━━━━━━━━━━━━━━━━━━━━━━━━━━━━━━━ 25.8/25.8 MB 17.2 MB/s eta 0:00:00
#15 38.09 Collecting pyparsing==3.3.3 (from -r /tmp/requirements.lock.txt (line 109))
#15 38.18   Downloading pyparsing-3.3.3-py3-none-any.whl (126 kB)
#15 38.31 Collecting pypdf==6.19.0 (from -r /tmp/requirements.lock.txt (line 110))
#15 38.42   Downloading pypdf-6.19.0-py3-none-any.whl (395 kB)
#15 38.64 Collecting python-bidi==0.6.11 (from -r /tmp/requirements.lock.txt (line 111))
#15 38.74   Downloading python_bidi-0.6.11-cp312-cp312-manylinux_2_17_x86_64.manylinux2014_x86_64.whl (296 kB)
#15 38.86 Collecting python-dateutil==2.9.0.post0 (from -r /tmp/requirements.lock.txt (line 112))
#15 38.96   Downloading python_dateutil-2.9.0.post0-py2.py3-none-any.whl (229 kB)
#15 39.07 Collecting python-ipware==3.0.0 (from -r /tmp/requirements.lock.txt (line 113))
#15 39.17   Downloading python_ipware-3.0.0-py3-none-any.whl (10 kB)
#15 39.31 Collecting pytz==2026.3.post1 (from -r /tmp/requirements.lock.txt (line 114))
#15 39.42   Downloading pytz-2026.3.post1-py2.py3-none-any.whl (508 kB)
#15 39.59 Collecting PyYAML==6.0.3 (from -r /tmp/requirements.lock.txt (line 115))
#15 39.68   Downloading pyyaml-6.0.3-cp312-cp312-manylinux2014_x86_64.manylinux_2_17_x86_64.manylinux_2_28_x86_64.whl (807 kB)
#15 39.73      ━━━━━━━━━━━━━━━━━━━━━━━━━━━━━━━━━━━━━━ 807.9/807.9 kB 18.8 MB/s eta 0:00:00
#15 39.84 Collecting pyzk==0.9 (from -r /tmp/requirements.lock.txt (line 116))
#15 39.93   Downloading pyzk-0.9.tar.gz (19 kB)
#15 39.95   Installing build dependencies: started
#15 43.90   Installing build dependencies: finished with status 'done'
#15 43.90   Getting requirements to build wheel: started
#15 44.56   Getting requirements to build wheel: finished with status 'done'
#15 44.56   Preparing metadata (pyproject.toml): started
#15 45.23   Preparing metadata (pyproject.toml): finished with status 'done'
#15 45.86 Collecting RapidFuzz==3.14.6 (from -r /tmp/requirements.lock.txt (line 117))
#15 45.95   Downloading rapidfuzz-3.14.6-cp312-cp312-manylinux_2_27_x86_64.manylinux_2_28_x86_64.whl (3.2 MB)
#15 46.09      ━━━━━━━━━━━━━━━━━━━━━━━━━━━━━━━━━━━━━━━━ 3.2/3.2 MB 24.5 MB/s eta 0:00:00
#15 46.22 Collecting redis==8.1.0 (from -r /tmp/requirements.lock.txt (line 118))
#15 46.32   Downloading redis-8.1.0-py3-none-any.whl (560 kB)
#15 46.35      ━━━━━━━━━━━━━━━━━━━━━━━━━━━━━━━━━━━━━━ 560.6/560.6 kB 19.0 MB/s eta 0:00:00
#15 46.58 Collecting reportlab==4.0.9 (from -r /tmp/requirements.lock.txt (line 119))
#15 46.68   Downloading reportlab-4.0.9-py3-none-any.whl (1.9 MB)
#15 46.79      ━━━━━━━━━━━━━━━━━━━━━━━━━━━━━━━━━━━━━━━━ 1.9/1.9 MB 17.9 MB/s eta 0:00:00
#15 46.91 Collecting requests==2.34.2 (from -r /tmp/requirements.lock.txt (line 120))
#15 47.00   Downloading requests-2.34.2-py3-none-any.whl (73 kB)
#15 47.11 Collecting requests-oauthlib==2.0.0 (from -r /tmp/requirements.lock.txt (line 121))
#15 47.21   Downloading requests_oauthlib-2.0.0-py2.py3-none-any.whl (24 kB)
#15 47.34 Collecting rich==15.0.0 (from -r /tmp/requirements.lock.txt (line 122))
#15 47.44   Downloading rich-15.0.0-py3-none-any.whl (310 kB)
#15 47.62 Collecting sentry-sdk==2.20.0 (from -r /tmp/requirements.lock.txt (line 123))
#15 47.72   Downloading sentry_sdk-2.20.0-py2.py3-none-any.whl (322 kB)
#15 48.09 Collecting setuptools==84.0.0 (from -r /tmp/requirements.lock.txt (line 124))
#15 48.19   Downloading setuptools-84.0.0-py3-none-any.whl (818 kB)
#15 48.22      ━━━━━━━━━━━━━━━━━━━━━━━━━━━━━━━━━━━━━━ 818.2/818.2 kB 31.0 MB/s eta 0:00:00
#15 48.34 Collecting shellingham==1.5.4 (from -r /tmp/requirements.lock.txt (line 125))
#15 48.43   Downloading shellingham-1.5.4-py2.py3-none-any.whl (9.8 kB)
#15 48.54 Collecting six==1.17.0 (from -r /tmp/requirements.lock.txt (line 126))
#15 48.63   Downloading six-1.17.0-py2.py3-none-any.whl (11 kB)
#15 48.74 Collecting smart_open==8.0.1 (from -r /tmp/requirements.lock.txt (line 127))
#15 48.84   Downloading smart_open-8.0.1-py3-none-any.whl (73 kB)
#15 48.95 Collecting soupsieve==2.9.2 (from -r /tmp/requirements.lock.txt (line 128))
#15 49.04   Downloading soupsieve-2.9.2-py3-none-any.whl (37 kB)
#15 49.24 Collecting spacy==3.8.16 (from -r /tmp/requirements.lock.txt (line 129))
#15 49.34   Downloading spacy-3.8.16-cp312-cp312-manylinux_2_24_x86_64.manylinux_2_28_x86_64.whl (35.5 MB)
#15 51.19      ━━━━━━━━━━━━━━━━━━━━━━━━━━━━━━━━━━━━━━━━ 35.5/35.5 MB 19.3 MB/s eta 0:00:00
#15 51.34 Collecting spacy-legacy==3.0.12 (from -r /tmp/requirements.lock.txt (line 130))
#15 51.43   Downloading spacy_legacy-3.0.12-py2.py3-none-any.whl (29 kB)
#15 51.53 Collecting spacy-loggers==1.0.5 (from -r /tmp/requirements.lock.txt (line 131))
#15 51.63   Downloading spacy_loggers-1.0.5-py3-none-any.whl (22 kB)
#15 51.74 Collecting sqlparse==0.6.0 (from -r /tmp/requirements.lock.txt (line 132))
#15 51.83   Downloading sqlparse-0.6.0-py3-none-any.whl (50 kB)
#15 51.97 Collecting srsly==2.5.3 (from -r /tmp/requirements.lock.txt (line 133))
#15 52.07   Downloading srsly-2.5.3-cp312-cp312-manylinux2014_x86_64.manylinux_2_17_x86_64.whl (1.2 MB)
#15 52.15      ━━━━━━━━━━━━━━━━━━━━━━━━━━━━━━━━━━━━━━━━ 1.2/1.2 MB 16.2 MB/s eta 0:00:00
#15 52.26 Collecting svglib==1.5.1 (from -r /tmp/requirements.lock.txt (line 134))
#15 52.36   Downloading svglib-1.5.1.tar.gz (913 kB)
#15 52.41      ━━━━━━━━━━━━━━━━━━━━━━━━━━━━━━━━━━━━━━ 913.9/913.9 kB 20.1 MB/s eta 0:00:00
#15 52.48   Installing build dependencies: started
#15 54.64   Installing build dependencies: finished with status 'done'
#15 54.64   Getting requirements to build wheel: started
#15 55.35   Getting requirements to build wheel: finished with status 'done'
#15 55.35   Preparing metadata (pyproject.toml): started
#15 56.04   Preparing metadata (pyproject.toml): finished with status 'done'
#15 56.14 Collecting swapper==1.5.0 (from -r /tmp/requirements.lock.txt (line 135))
#15 56.24   Downloading swapper-1.5.0-py2.py3-none-any.whl (7.3 kB)
#15 56.35 Collecting tablib==3.10.0 (from -r /tmp/requirements.lock.txt (line 136))
#15 56.45   Downloading tablib-3.10.0-py3-none-any.whl (50 kB)
#15 56.69 Collecting thinc==8.3.13 (from -r /tmp/requirements.lock.txt (line 137))
#15 56.79   Downloading thinc-8.3.13-cp312-cp312-manylinux2014_x86_64.manylinux_2_17_x86_64.whl (3.9 MB)
#15 56.99      ━━━━━━━━━━━━━━━━━━━━━━━━━━━━━━━━━━━━━━━━ 3.9/3.9 MB 19.4 MB/s eta 0:00:00
#15 57.11 Collecting tinycss2==1.5.1 (from -r /tmp/requirements.lock.txt (line 138))
#15 57.20   Downloading tinycss2-1.5.1-py3-none-any.whl (28 kB)
#15 57.34 Collecting tqdm==4.70.1 (from -r /tmp/requirements.lock.txt (line 139))
#15 57.44   Downloading tqdm-4.70.1-py3-none-any.whl (80 kB)
#15 57.57 Collecting typer==0.27.2 (from -r /tmp/requirements.lock.txt (line 140))
#15 57.66   Downloading typer-0.27.2-py3-none-any.whl (123 kB)
#15 57.79 Collecting typing_extensions==4.16.0 (from -r /tmp/requirements.lock.txt (line 141))
#15 57.88   Downloading typing_extensions-4.16.0-py3-none-any.whl (45 kB)
#15 57.99 Collecting typing-inspection==0.4.4 (from -r /tmp/requirements.lock.txt (line 142))
#15 58.09   Downloading typing_inspection-0.4.4-py3-none-any.whl (14 kB)
#15 58.20 Collecting tzlocal==5.4.4 (from -r /tmp/requirements.lock.txt (line 143))
#15 58.30   Downloading tzlocal-5.4.4-py3-none-any.whl (18 kB)
#15 58.40 Collecting uritemplate==4.2.0 (from -r /tmp/requirements.lock.txt (line 144))
#15 58.50   Downloading uritemplate-4.2.0-py3-none-any.whl (11 kB)
#15 58.61 Collecting uritools==6.1.3 (from -r /tmp/requirements.lock.txt (line 145))
#15 58.71   Downloading uritools-6.1.3-py3-none-any.whl (11 kB)
#15 58.82 Collecting urllib3==2.8.0 (from -r /tmp/requirements.lock.txt (line 146))
#15 58.91   Downloading urllib3-2.8.0-py3-none-any.whl (135 kB)
#15 59.03 Collecting wasabi==1.1.3 (from -r /tmp/requirements.lock.txt (line 147))
#15 59.12   Downloading wasabi-1.1.3-py3-none-any.whl (27 kB)
#15 59.24 Collecting weasel==1.0.0 (from -r /tmp/requirements.lock.txt (line 148))
#15 59.33   Downloading weasel-1.0.0-py3-none-any.whl (50 kB)
#15 59.44 Collecting webencodings==0.6.1 (from -r /tmp/requirements.lock.txt (line 149))
#15 59.53   Downloading webencodings-0.6.1-py3-none-any.whl (8.7 kB)
#15 59.66 Collecting whitenoise==6.9.0 (from -r /tmp/requirements.lock.txt (line 150))
#15 59.75   Downloading whitenoise-6.9.0-py3-none-any.whl (20 kB)
#15 60.23 Collecting wrapt==2.4.1 (from -r /tmp/requirements.lock.txt (line 151))
#15 60.33   Downloading wrapt-2.4.1-cp312-cp312-manylinux1_x86_64.manylinux_2_28_x86_64.manylinux_2_5_x86_64.whl (236 kB)
#15 60.44 Collecting xhtml2pdf==0.2.17 (from -r /tmp/requirements.lock.txt (line 152))
#15 60.54   Downloading xhtml2pdf-0.2.17-py3-none-any.whl (125 kB)
#15 60.68 Collecting xlsxwriter==3.2.9 (from -r /tmp/requirements.lock.txt (line 153))
#15 60.78   Downloading xlsxwriter-3.2.9-py3-none-any.whl (175 kB)
#15 61.14 Collecting yarl==1.25.1 (from -r /tmp/requirements.lock.txt (line 154))
#15 61.23   Downloading yarl-1.25.1-cp312-cp312-manylinux2014_x86_64.manylinux_2_17_x86_64.manylinux_2_28_x86_64.whl (117 kB)
#15 62.56 Building wheels for collected packages: pyzk, svglib
#15 62.56   Building wheel for pyzk (pyproject.toml): started
#15 63.29   Building wheel for pyzk (pyproject.toml): finished with status 'done'
#15 63.29   Created wheel for pyzk: filename=pyzk-0.9-py3-none-any.whl size=16967 sha256=30d8f0227ab8cce69631330e930b2cd9c2a27adbe9f54e0b9c21f64bd61f23fc
#15 63.29   Stored in directory: /tmp/pip-ephem-wheel-cache-253kzn5r/wheels/0b/ba/08/8b7e36024ada27813abf24a10c08af53ac1184556d5726b941
#15 63.29   Building wheel for svglib (pyproject.toml): started
#15 63.98   Building wheel for svglib (pyproject.toml): finished with status 'done'
#15 63.98   Created wheel for svglib: filename=svglib-1.5.1-py3-none-any.whl size=30948 sha256=5219ef19844323ab6118c7f62c24528a79102c4cb26652bd75f6570221688dfe
#15 63.98   Stored in directory: /tmp/pip-ephem-wheel-cache-253kzn5r/wheels/9c/a3/80/b15b7e7a70fc699803bfe258ec8eb09db5ad15e1b0871871c5
#15 63.99 Successfully built pyzk svglib
#15 64.34 Installing collected packages: pytz, pdfkit, en_core_web_sm, django-mathfilters, asn1crypto, xlsxwriter, wrapt, whitenoise, webencodings, wasabi, urllib3, uritools, uritemplate, tzlocal, typing_extensions, tqdm, tablib, swapper, sqlparse, spacy-loggers, spacy-legacy, soupsieve, six, shellingham, setuptools, redis, RapidFuzz, PyYAML, python-ipware, python-bidi, pypdf, pyparsing, pymupdf, PyJWT, Pygments, pycparser, pycountry, pyasn1, psycopg2-binary, protobuf, propcache, pillow, phonenumbers, packaging, oscrypto, oauthlib, numpy, murmurhash, multidict, msgpack, mdurl, MarkupSafe, lxml, inflection, idna, h11, google-crc32c, geographiclib, future, frozenlist, et_xmlfile, django-environ, diff-match-patch, cymem, coverage, confection, cloudpathlib, click, charset-normalizer, chardet, certifi, catalogue, attrs, asgiref, arabic-reshaper, annotated-types, annotated-doc, aiohappyeyeballs, yarl, typing-inspection, tinycss2, srsly, smart_open, sentry-sdk, requests, reportlab, pyzk, python-dateutil, pydantic_core, pyasn1_modules, proto-plus, preshed, opentelemetry-api, openpyxl, markdown-it-py, Jinja2, httplib2, httpcore, html5lib, gunicorn, googleapis-common-protos, google-resumable-media, geopy, django-ipware, Django, cffi, blis, bleach, beautifulsoup4, APScheduler, anyio, aiosignal, rich, requests-oauthlib, pydantic, pandas, httpx, djangorestframework, django-widget-tweaks, django-storages, django-simple-history, django-redis, django-model-utils, django-import-export, django-filter, django-cors-headers, django-axes, django-auditlog, django-apscheduler, cssselect2, cryptography, aiohttp, typer, thinc, svglib, pyhanko-certvalidator, google-auth, drf-yasg, djangorestframework_simplejwt, weasel, pyHanko, google-auth-oauthlib, google-auth-httplib2, google-api-core, xhtml2pdf, spacy, google-cloud-core, google-api-python-client, google-cloud-storage
#15 103.0 Successfully installed APScheduler-3.11.3 Django-5.2.17 Jinja2-3.1.6 MarkupSafe-3.0.3 PyJWT-2.13.0 PyYAML-6.0.3 Pygments-2.21.0 RapidFuzz-3.14.6 aiohappyeyeballs-2.7.1 aiohttp-3.14.3 aiosignal-1.4.0 annotated-doc-0.0.5 annotated-types-0.8.0 anyio-4.15.1 arabic-reshaper-3.0.1 asgiref-3.12.1 asn1crypto-1.5.1 attrs-26.1.0 beautifulsoup4-4.15.0 bleach-6.4.0 blis-1.3.3 catalogue-2.0.10 certifi-2026.7.22 cffi-2.1.1 chardet-7.6.0 charset-normalizer-3.5.1 click-8.5.0 cloudpathlib-0.25.0 confection-1.3.3 coverage-7.16.1 cryptography-50.0.1 cssselect2-0.10.1 cymem-2.0.13 diff-match-patch-20241021 django-apscheduler-0.7.0 django-auditlog-3.4.1 django-axes-8.3.1 django-cors-headers-4.9.0 django-environ-0.14.0 django-filter-26.1 django-import-export-4.4.1 django-ipware-7.0.1 django-mathfilters-1.0.0 django-model-utils-5.0.0 django-redis-5.4.0 django-simple-history-3.13.0 django-storages-1.14.6 django-widget-tweaks-1.5.1 djangorestframework-3.17.2 djangorestframework_simplejwt-5.5.1 drf-yasg-1.21.15 en_core_web_sm-3.8.0 et_xmlfile-2.0.0 frozenlist-1.8.0 future-1.0.0 geographiclib-2.1 geopy-2.5.0 google-api-core-2.38.0 google-api-python-client-2.200.0 google-auth-2.58.0 google-auth-httplib2-0.4.2 google-auth-oauthlib-1.4.1 google-cloud-core-2.7.0 google-cloud-storage-3.0.0 google-crc32c-1.8.0 google-resumable-media-2.10.2 googleapis-common-protos-1.75.3 gunicorn-23.0.0 h11-0.16.0 html5lib-1.1 httpcore-1.0.9 httplib2-0.32.0 httpx-0.28.1 idna-3.20 inflection-0.5.1 lxml-6.1.3 markdown-it-py-4.2.0 mdurl-0.1.2 msgpack-1.2.2 multidict-6.9.0 murmurhash-1.0.15 numpy-2.5.3 oauthlib-3.3.1 openpyxl-3.1.5 opentelemetry-api-1.44.0 oscrypto-1.3.0 packaging-26.3 pandas-3.0.6 pdfkit-1.0.0 phonenumbers-9.0.37 pillow-12.3.0 preshed-3.0.13 propcache-0.5.4 proto-plus-1.28.4 protobuf-7.36.2 psycopg2-binary-2.9.13 pyHanko-0.37.0 pyasn1-0.6.4 pyasn1_modules-0.4.2 pycountry-24.6.1 pycparser-3.0 pydantic-2.13.5 pydantic_core-2.46.5 pyhanko-certvalidator-0.32.1 pymupdf-1.28.2 pyparsing-3.3.3 pypdf-6.19.0 python-bidi-0.6.11 python-dateutil-2.9.0.post0 python-ipware-3.0.0 pytz-2026.3.post1 pyzk-0.9 redis-8.1.0 reportlab-4.0.9 requests-2.34.2 requests-oauthlib-2.0.0 rich-15.0.0 sentry-sdk-2.20.0 setuptools-84.0.0 shellingham-1.5.4 six-1.17.0 smart_open-8.0.1 soupsieve-2.9.2 spacy-3.8.16 spacy-legacy-3.0.12 spacy-loggers-1.0.5 sqlparse-0.6.0 srsly-2.5.3 svglib-1.5.1 swapper-1.5.0 tablib-3.10.0 thinc-8.3.13 tinycss2-1.5.1 tqdm-4.70.1 typer-0.27.2 typing-inspection-0.4.4 typing_extensions-4.16.0 tzlocal-5.4.4 uritemplate-4.2.0 uritools-6.1.3 urllib3-2.8.0 wasabi-1.1.3 weasel-1.0.0 webencodings-0.6.1 whitenoise-6.9.0 wrapt-2.4.1 xhtml2pdf-0.2.17 xlsxwriter-3.2.9 yarl-1.25.1
#15 103.4 
#15 103.4 [notice] A new release of pip is available: 25.0.1 -> 26.2.1
#15 103.4 [notice] To update, run: pip install --upgrade pip
#15 DONE 106.5s

#16 [production  5/11] COPY --from=builder --chown=appuser:appuser /opt/venv /opt/venv
#16 DONE 13.3s

#17 [production  6/11] WORKDIR /app
#17 DONE 0.3s

#18 [production  7/11] COPY --chown=appuser:appuser . .
#18 DONE 6.5s

#19 [production  8/11] RUN find . -name '*.po' -execdir sh -c 'msgfmt "$1" -o "${1%.po}.mo"' _ {} ;
#19 DONE 1.4s

#20 [production  9/11] COPY --chown=appuser:appuser docker/entrypoint.sh /entrypoint.sh
#20 DONE 0.0s

#21 [production 10/11] RUN chmod +x /entrypoint.sh
#21 DONE 0.3s

#22 [production 11/11] RUN mkdir -p staticfiles media     && chown appuser:appuser staticfiles media
#22 DONE 0.3s

#23 exporting to image
#23 exporting layers
#23 exporting layers 38.8s done
#23 exporting manifest sha256:b7b2f7b5ca84442f93fd87fc0c28626f505a8feceb2b306defcf42ef33d176f2 0.0s done
#23 exporting config sha256:aad96e251315ced63ff13c8ebab55c5372971d3201791c670823329dabe249fb 0.0s done
#23 exporting attestation manifest sha256:6a2fb4fdca5ef7a12926874ac742f5f797bb5456c0e439de7d83794dcdff4c2a 0.0s done
#23 exporting manifest list sha256:facdac25e17569e3d0b3deab59ba0dd83306b56eba783b8ee7d80332c03edd12 0.0s done
#23 naming to docker.io/library/qdrat-web:latest done
#23 unpacking to docker.io/library/qdrat-web:latest
#23 unpacking to docker.io/library/qdrat-web:latest 17.3s done
#23 DONE 56.3s

#24 resolving provenance for metadata file
#24 DONE 0.1s
 Image qdrat-web Built 
